employee_id,facility_code,department_code
E0001,F003,FS
E0002,F001,EVS
E0003,F001,EVS
E0004,F001,FS
E0005,F001,EVS
E0006,F003,FS
E0007,F003,EVS
E0008,F002,PT
E0009,F001,FS
E0010,F001,FS
E0011,F001,PT
E0012,F002,EVS
E0013,F002,EVS
E0014,F002,FS
E0015,F001,PT
E0016,F001,EVS
E0017,F003,FS
E0018,F003,FS
E0019,F001,FS
E0020,F001,PT
E0021,F002,FS
E0022,F002,PT
E0023,F003,PT
E0024,F002,FS
E0025,F002,PT
E0026,F002,FS
E0027,F002,PT
E0028,F002,FS
E0029,F001,FS
E0030,F003,EVS
E0031,F003,PT
E0032,F003,PT
E0033,F003,EVS
E0034,F001,EVS
E0035,F001,EVS
E0036,F002,EVS
E0037,F002,FS
E0038,F003,EVS
E0039,F003,PT
E0040,F001,FS
E0041,F003,PT
E0042,F001,EVS
E0043,F001,EVS
E0044,F003,EVS
E0045,F003,PT
E0046,F001,PT
E0047,F001,EVS
E0048,F001,FS
E0049,F001,PT
E0050,F003,FS
E0051,F002,FS
E0052,F002,FS
E0053,F001,EVS
E0054,F002,EVS
E0055,F001,FS
E0056,F003,PT
E0057,F002,FS
E0058,F001,FS
E0059,F001,FS
E0060,F003,EVS
E0061,F002,EVS
E0062,F002,FS
E0063,F001,PT
E0064,F001,PT
E0065,F002,EVS
E0066,F002,PT
E0067,F002,EVS
E0068,F003,FS
E0069,F003,FS
E0070,F001,FS
E0071,F002,EVS
E0072,F002,PT
E0073,F001,EVS
E0074,F001,PT
E0075,F002,FS
E0076,F003,EVS
E0077,F001,EVS
E0078,F003,PT
E0079,F002,PT
E0080,F001,EVS
E0081,F002,FS
E0082,F003,PT
E0083,F003,FS
E0084,F002,PT
E0085,F001,FS
E0086,F003,FS
E0087,F001,PT
E0088,F003,PT
E0089,F003,FS
E0090,F002,EVS
E0091,F003,PT
E0092,F003,PT
E0093,F001,EVS
E0094,F003,EVS
E0095,F002,EVS
E0096,F001,FS
E0097,F002,FS
E0098,F003,PT
E0099,F002,FS
E0100,F002,PT
E0101,F003,EVS
E0102,F002,FS
E0103,F002,EVS
E0104,F001,PT
E0105,F001,EVS
E0106,F003,PT
E0107,F003,FS
E0108,F001,PT
E0109,F002,PT
E0110,F003,PT
E0111,F001,EVS
E0112,F001,EVS
E0113,F002,EVS
E0114,F002,PT
E0115,F002,EVS
E0116,F002,FS
E0117,F001,FS
E0118,F002,PT
E0119,F003,FS
E0120,F001,FS
