shift_id,employee_id,shift_date,scheduled_hours,worked_hours
S000000,E0095,2025-03-01,8.0,8.8
S000001,E0016,2025-03-18,8.0,8.74
S000002,E0020,2025-03-05,8.0,7.32
S000003,E0036,2025-03-12,8.0,7.51
S000004,E0043,2025-03-13,8.0,7.62
S000005,E0100,2025-03-16,8.0,8.13
S000006,E0068,2025-03-01,8.0,8.48
S000007,E0039,2025-03-06,8.0,9.33
S000008,E0069,2025-03-18,8.0,7.98
S000009,E0091,2025-03-20,8.0,8.56
S000010,E0119,2025-03-24,8.0,8.19
S000011,E0106,2025-03-17,8.0,9.16
S000012,E0070,2025-03-07,8.0,8.55
S000013,E0043,2025-03-22,8.0,8.92
S000014,E0023,2025-03-13,8.0,7.45
S000015,E0069,2025-03-06,8.0,7.98
S000016,E0018,2025-03-15,8.0,7.61
S000017,E0069,2025-03-24,8.0,9.0
S000018,E0097,2025-03-17,8.0,8.49
S000019,E0084,2025-03-03,8.0,7.92
S000020,E0008,2025-03-15,8.0,7.83
S000021,E0095,2025-03-24,8.0,8.39
S000022,E0007,2025-03-25,8.0,7.68
S000023,E0015,2025-03-23,8.0,7.54
S000024,E0082,2025-03-28,8.0,8.39
S000025,E0098,2025-03-14,8.0,9.58
S000026,E0103,2025-03-26,8.0,7.95
S000027,E0045,2025-03-13,8.0,7.77
S000028,E0113,2025-03-07,8.0,7.4
S000029,E0019,2025-03-26,8.0,7.3
S000030,E0043,2025-03-17,8.0,8.41
S000031,E0075,2025-03-08,8.0,8.61
S000032,E0045,2025-03-22,8.0,8.11
S000033,E0079,2025-03-11,8.0,8.3
S000034,E0051,2025-03-01,8.0,8.17
S000035,E0021,2025-03-03,8.0,8.18
S000036,E0118,2025-03-04,8.0,7.18
S000037,E0032,2025-03-03,8.0,7.83
S000038,E0032,2025-03-24,8.0,8.17
S000039,E0099,2025-03-24,8.0,7.63
S000040,E0054,2025-03-06,8.0,7.81
S000041,E0116,2025-03-15,8.0,7.61
S000042,E0032,2025-03-13,8.0,7.9
S000043,E0035,2025-03-26,8.0,8.61
S000044,E0049,2025-03-28,8.0,7.86
S000045,E0094,2025-03-22,8.0,8.01
S000046,E0068,2025-03-28,8.0,8.59
S000047,E0093,2025-03-02,8.0,8.49
S000048,E0023,2025-03-02,8.0,9.12
S000049,E0066,2025-03-21,8.0,6.85
S000050,E0089,2025-03-28,8.0,8.61
S000051,E0031,2025-03-18,8.0,7.81
S000052,E0069,2025-03-10,8.0,8.18
S000053,E0051,2025-03-05,8.0,8.6
S000054,E0120,2025-03-28,8.0,8.75
S000055,E0074,2025-03-01,8.0,8.72
S000056,E0054,2025-03-27,8.0,8.19
S000057,E0084,2025-03-15,8.0,9.07
S000058,E0024,2025-03-11,8.0,7.93
S000059,E0086,2025-03-02,8.0,8.02
S000060,E0053,2025-03-04,8.0,8.58
S000061,E0060,2025-03-20,8.0,7.77
S000062,E0014,2025-03-25,8.0,9.4
S000063,E0033,2025-03-20,8.0,8.71
S000064,E0042,2025-03-09,8.0,9.41
S000065,E0048,2025-03-16,8.0,8.08
S000066,E0081,2025-03-12,8.0,7.87
S000067,E0014,2025-03-14,8.0,8.2
S000068,E0075,2025-03-15,8.0,8.54
S000069,E0014,2025-03-26,8.0,7.75
S000070,E0044,2025-03-10,8.0,8.33
S000071,E0010,2025-03-22,8.0,8.09
S000072,E0054,2025-03-13,8.0,9.07
S000073,E0016,2025-03-05,8.0,7.7
S000074,E0066,2025-03-05,8.0,8.73
S000075,E0087,2025-03-26,8.0,7.71
S000076,E0088,2025-03-22,8.0,7.52
S000077,E0075,2025-03-05,8.0,7.67
S000078,E0053,2025-03-09,8.0,7.39
S000079,E0045,2025-03-04,8.0,8.19
S000080,E0055,2025-03-22,8.0,8.72
S000081,E0056,2025-03-20,8.0,8.2
S000082,E0063,2025-03-11,8.0,8.47
S000083,E0113,2025-03-21,8.0,9.08
S000084,E0030,2025-03-27,8.0,8.26
S000085,E0012,2025-03-11,8.0,8.22
S000086,E0061,2025-03-11,8.0,7.93
S000087,E0102,2025-03-07,8.0,7.14
S000088,E0043,2025-03-25,8.0,8.56
S000089,E0012,2025-03-15,8.0,7.05
S000090,E0036,2025-03-18,8.0,8.49
S000091,E0100,2025-03-07,8.0,8.09
S000092,E0116,2025-03-11,8.0,8.78
S000093,E0001,2025-03-28,8.0,8.06
S000094,E0040,2025-03-20,8.0,7.61
S000095,E0037,2025-03-19,8.0,8.31
S000096,E0107,2025-03-14,8.0,7.76
S000097,E0020,2025-03-18,8.0,7.99
S000098,E0030,2025-03-17,8.0,8.13
S000099,E0020,2025-03-01,8.0,8.02
S000100,E0096,2025-03-13,8.0,7.99
S000101,E0102,2025-03-22,8.0,7.6
S000102,E0061,2025-03-04,8.0,7.99
S000103,E0031,2025-03-06,8.0,6.82
S000104,E0046,2025-03-22,8.0,8.01
S000105,E0002,2025-03-03,8.0,7.38
S000106,E0090,2025-03-08,8.0,8.77
S000107,E0032,2025-03-16,8.0,8.86
S000108,E0050,2025-03-27,8.0,6.93
S000109,E0078,2025-03-18,8.0,8.19
S000110,E0058,2025-03-04,8.0,8.02
S000111,E0105,2025-03-06,8.0,7.47
S000112,E0089,2025-03-27,8.0,8.42
S000113,E0112,2025-03-02,8.0,7.82
S000114,E0007,2025-03-27,8.0,7.04
S000115,E0040,2025-03-08,8.0,7.94
S000116,E0092,2025-03-01,8.0,8.01
S000117,E0021,2025-03-18,8.0,8.16
S000118,E0064,2025-03-04,8.0,7.36
S000119,E0072,2025-03-17,8.0,8.47
S000120,E0108,2025-03-07,8.0,8.54
S000121,E0043,2025-03-02,8.0,7.41
S000122,E0093,2025-03-14,8.0,7.7
S000123,E0056,2025-03-10,8.0,8.05
S000124,E0095,2025-03-16,8.0,7.76
S000125,E0050,2025-03-08,8.0,9.15
S000126,E0040,2025-03-18,8.0,8.23
S000127,E0034,2025-03-19,8.0,7.49
S000128,E0042,2025-03-22,8.0,7.63
S000129,E0111,2025-03-12,8.0,8.07
S000130,E0012,2025-03-21,8.0,9.48
S000131,E0113,2025-03-04,8.0,7.99
S000132,E0099,2025-03-20,8.0,8.18
S000133,E0004,2025-03-04,8.0,8.41
S000134,E0062,2025-03-16,8.0,8.08
S000135,E0067,2025-03-12,8.0,9.47
S000136,E0113,2025-03-05,8.0,7.78
S000137,E0003,2025-03-15,8.0,8.55
S000138,E0068,2025-03-26,8.0,8.2
S000139,E0085,2025-03-25,8.0,8.47
S000140,E0083,2025-03-10,8.0,7.39
S000141,E0107,2025-03-24,8.0,9.16
S000142,E0010,2025-03-15,8.0,8.03
S000143,E0041,2025-03-04,8.0,8.12
S000144,E0023,2025-03-21,8.0,7.54
S000145,E0049,2025-03-01,8.0,7.66
S000146,E0094,2025-03-19,8.0,8.44
S000147,E0009,2025-03-05,8.0,8.69
S000148,E0008,2025-03-21,8.0,8.55
S000149,E0011,2025-03-08,8.0,8.83
S000150,E0077,2025-03-20,8.0,8.53
S000151,E0117,2025-03-18,8.0,8.12
S000152,E0052,2025-03-05,8.0,8.6
S000153,E0054,2025-03-11,8.0,8.46
S000154,E0069,2025-03-08,8.0,8.04
S000155,E0015,2025-03-12,8.0,8.54
S000156,E0060,2025-03-08,8.0,8.87
S000157,E0012,2025-03-10,8.0,8.24
S000158,E0018,2025-03-24,8.0,7.89
S000159,E0079,2025-03-06,8.0,8.53
S000160,E0057,2025-03-19,8.0,9.24
S000161,E0081,2025-03-05,8.0,7.97
S000162,E0110,2025-03-24,8.0,8.04
S000163,E0110,2025-03-02,8.0,8.02
S000164,E0115,2025-03-08,8.0,8.83
S000165,E0044,2025-03-01,8.0,7.0
S000166,E0084,2025-03-08,8.0,8.32
S000167,E0085,2025-03-24,8.0,8.82
S000168,E0012,2025-03-16,8.0,7.61
S000169,E0038,2025-03-11,8.0,8.99
S000170,E0117,2025-03-08,8.0,8.42
S000171,E0079,2025-03-12,8.0,7.77
S000172,E0094,2025-03-10,8.0,8.22
S000173,E0044,2025-03-25,8.0,7.18
S000174,E0096,2025-03-26,8.0,7.76
S000175,E0055,2025-03-21,8.0,9.2
S000176,E0072,2025-03-16,8.0,7.56
S000177,E0097,2025-03-26,8.0,9.21
S000178,E0097,2025-03-16,8.0,8.05
S000179,E0080,2025-03-18,8.0,8.7
S000180,E0044,2025-03-08,8.0,8.13
S000181,E0035,2025-03-21,8.0,6.76
S000182,E0075,2025-03-04,8.0,7.76
S000183,E0016,2025-03-28,8.0,8.21
S000184,E0007,2025-03-06,8.0,7.41
S000185,E0092,2025-03-09,8.0,7.29
S000186,E0058,2025-03-26,8.0,8.32
S000187,E0037,2025-03-07,8.0,7.71
S000188,E0038,2025-03-24,8.0,7.08
S000189,E0066,2025-03-20,8.0,7.69
S000190,E0116,2025-03-18,8.0,8.62
S000191,E0081,2025-03-28,8.0,7.82
S000192,E0109,2025-03-01,8.0,8.66
S000193,E0077,2025-03-14,8.0,9.02
S000194,E0058,2025-03-28,8.0,8.12
S000195,E0009,2025-03-03,8.0,7.42
S000196,E0051,2025-03-15,8.0,7.32
S000197,E0081,2025-03-20,8.0,8.08
S000198,E0042,2025-03-04,8.0,8.63
S000199,E0071,2025-03-10,8.0,8.26
S000200,E0061,2025-03-08,8.0,8.43
S000201,E0020,2025-03-26,8.0,7.83
S000202,E0072,2025-03-15,8.0,8.28
S000203,E0045,2025-03-28,8.0,7.82
S000204,E0029,2025-03-25,8.0,7.9
S000205,E0116,2025-03-09,8.0,7.32
S000206,E0107,2025-03-04,8.0,7.16
S000207,E0008,2025-03-20,8.0,7.81
S000208,E0095,2025-03-03,8.0,7.44
S000209,E0006,2025-03-18,8.0,7.52
S000210,E0053,2025-03-05,8.0,8.5
S000211,E0051,2025-03-13,8.0,8.04
S000212,E0081,2025-03-13,8.0,9.85
S000213,E0035,2025-03-07,8.0,8.66
S000214,E0022,2025-03-01,8.0,7.72
S000215,E0001,2025-03-22,8.0,8.57
S000216,E0037,2025-03-13,8.0,8.31
S000217,E0080,2025-03-06,8.0,7.69
S000218,E0062,2025-03-19,8.0,8.76
S000219,E0046,2025-03-20,8.0,7.63
S000220,E0105,2025-03-10,8.0,6.26
S000221,E0025,2025-03-25,8.0,8.58
S000222,E0046,2025-03-12,8.0,7.73
S000223,E0078,2025-03-17,8.0,8.99
S000224,E0091,2025-03-28,8.0,7.71
S000225,E0070,2025-03-26,8.0,7.39
S000226,E0114,2025-03-17,8.0,9.03
S000227,E0048,2025-03-18,8.0,7.45
S000228,E0100,2025-03-27,8.0,8.22
S000229,E0086,2025-03-04,8.0,8.97
S000230,E0102,2025-03-16,8.0,8.17
S000231,E0010,2025-03-10,8.0,8.05
S000232,E0115,2025-03-02,8.0,8.16
S000233,E0116,2025-03-08,8.0,8.6
S000234,E0006,2025-03-25,8.0,7.62
S000235,E0044,2025-03-03,8.0,8.47
S000236,E0009,2025-03-27,8.0,8.45
S000237,E0077,2025-03-26,8.0,9.5
S000238,E0039,2025-03-09,8.0,7.9
S000239,E0081,2025-03-25,8.0,7.55
S000240,E0113,2025-03-03,8.0,8.54
S000241,E0033,2025-03-27,8.0,7.86
S000242,E0085,2025-03-15,8.0,8.27
S000243,E0046,2025-03-04,8.0,8.18
S000244,E0053,2025-03-07,8.0,8.8
S000245,E0111,2025-03-04,8.0,7.71
S000246,E0042,2025-03-10,8.0,8.04
S000247,E0042,2025-03-20,8.0,6.57
S000248,E0064,2025-03-27,8.0,7.57
S000249,E0016,2025-03-26,8.0,9.02
S000250,E0011,2025-03-23,8.0,7.69
S000251,E0044,2025-03-06,8.0,7.68
S000252,E0072,2025-03-06,8.0,7.37
S000253,E0012,2025-03-18,8.0,8.45
S000254,E0006,2025-03-01,8.0,8.21
S000255,E0013,2025-03-11,8.0,7.39
S000256,E0023,2025-03-15,8.0,8.5
S000257,E0097,2025-03-06,8.0,8.26
S000258,E0101,2025-03-19,8.0,8.55
S000259,E0091,2025-03-14,8.0,7.72
S000260,E0071,2025-03-27,8.0,9.14
S000261,E0021,2025-03-04,8.0,8.35
S000262,E0017,2025-03-22,8.0,8.03
S000263,E0066,2025-03-23,8.0,7.79
S000264,E0026,2025-03-11,8.0,7.95
S000265,E0022,2025-03-15,8.0,8.62
S000266,E0016,2025-03-20,8.0,7.94
S000267,E0095,2025-03-13,8.0,8.75
S000268,E0094,2025-03-14,8.0,8.45
S000269,E0090,2025-03-04,8.0,8.91
S000270,E0077,2025-03-13,8.0,8.59
S000271,E0003,2025-03-03,8.0,8.06
S000272,E0062,2025-03-01,8.0,6.95
S000273,E0048,2025-03-13,8.0,8.28
S000274,E0103,2025-03-01,8.0,8.57
S000275,E0045,2025-03-12,8.0,8.2
S000276,E0008,2025-03-07,8.0,8.43
S000277,E0066,2025-03-28,8.0,7.82
S000278,E0009,2025-03-23,8.0,7.87
S000279,E0019,2025-03-14,8.0,7.53
S000280,E0076,2025-03-18,8.0,8.92
S000281,E0109,2025-03-22,8.0,8.2
S000282,E0119,2025-03-11,8.0,7.8
S000283,E0118,2025-03-28,8.0,7.3
S000284,E0044,2025-03-19,8.0,8.01
S000285,E0060,2025-03-24,8.0,8.97
S000286,E0051,2025-03-18,8.0,8.38
S000287,E0120,2025-03-12,8.0,7.67
S000288,E0068,2025-03-18,8.0,8.96
S000289,E0057,2025-03-27,8.0,8.96
S000290,E0010,2025-03-18,8.0,8.69
S000291,E0048,2025-03-22,8.0,8.57
S000292,E0036,2025-03-21,8.0,8.79
S000293,E0019,2025-03-25,8.0,8.43
S000294,E0017,2025-03-11,8.0,8.57
S000295,E0051,2025-03-12,8.0,7.63
S000296,E0051,2025-03-04,8.0,9.0
S000297,E0093,2025-03-01,8.0,8.24
S000298,E0058,2025-03-10,8.0,9.31
S000299,E0090,2025-03-09,8.0,6.87
S000300,E0047,2025-03-14,8.0,8.52
S000301,E0100,2025-03-26,8.0,8.69
S000302,E0112,2025-03-09,8.0,7.89
S000303,E0065,2025-03-25,8.0,8.37
S000304,E0006,2025-03-15,8.0,8.55
S000305,E0104,2025-03-23,8.0,8.45
S000306,E0085,2025-03-08,8.0,7.78
S000307,E0047,2025-03-16,8.0,8.01
S000308,E0030,2025-03-09,8.0,8.71
S000309,E0050,2025-03-21,8.0,8.87
S000310,E0056,2025-03-09,8.0,8.16
S000311,E0009,2025-03-13,8.0,8.15
S000312,E0065,2025-03-22,8.0,8.22
S000313,E0093,2025-03-27,8.0,8.72
S000314,E0093,2025-03-13,8.0,7.47
S000315,E0014,2025-03-08,8.0,7.3
S000316,E0093,2025-03-04,8.0,8.17
S000317,E0120,2025-03-23,8.0,7.44
S000318,E0068,2025-03-15,8.0,7.75
S000319,E0108,2025-03-15,8.0,8.15
S000320,E0086,2025-03-01,8.0,8.39
S000321,E0105,2025-03-02,8.0,7.46
S000322,E0057,2025-03-07,8.0,8.58
S000323,E0015,2025-03-07,8.0,7.04
S000324,E0083,2025-03-12,8.0,8.43
S000325,E0009,2025-03-08,8.0,7.15
S000326,E0042,2025-03-14,8.0,7.34
S000327,E0090,2025-03-21,8.0,8.49
S000328,E0092,2025-03-24,8.0,7.86
S000329,E0081,2025-03-22,8.0,7.62
S000330,E0079,2025-03-27,8.0,7.83
S000331,E0039,2025-03-12,8.0,8.38
S000332,E0089,2025-03-07,8.0,8.07
S000333,E0114,2025-03-11,8.0,8.08
S000334,E0043,2025-03-21,8.0,8.73
S000335,E0024,2025-03-17,8.0,7.67
S000336,E0086,2025-03-16,8.0,7.82
S000337,E0047,2025-03-01,8.0,7.79
S000338,E0105,2025-03-08,8.0,8.8
S000339,E0042,2025-03-27,8.0,8.69
S000340,E0007,2025-03-03,8.0,8.87
S000341,E0002,2025-03-11,8.0,8.08
S000342,E0038,2025-03-13,8.0,8.01
S000343,E0118,2025-03-23,8.0,8.61
S000344,E0094,2025-03-05,8.0,7.86
S000345,E0049,2025-03-27,8.0,8.6
S000346,E0047,2025-03-06,8.0,8.53
S000347,E0012,2025-03-25,8.0,7.68
S000348,E0078,2025-03-25,8.0,8.05
S000349,E0047,2025-03-05,8.0,8.03
S000350,E0032,2025-03-04,8.0,9.14
S000351,E0017,2025-03-24,8.0,9.65
S000352,E0004,2025-03-25,8.0,8.04
S000353,E0081,2025-03-19,8.0,8.11
S000354,E0038,2025-03-09,8.0,6.73
S000355,E0049,2025-03-22,8.0,8.23
S000356,E0023,2025-03-25,8.0,8.1
S000357,E0087,2025-03-01,8.0,7.46
S000358,E0015,2025-03-13,8.0,8.57
S000359,E0060,2025-03-01,8.0,7.16
S000360,E0063,2025-03-15,8.0,7.97
S000361,E0048,2025-03-23,8.0,8.18
S000362,E0054,2025-03-19,8.0,7.35
S000363,E0003,2025-03-02,8.0,8.61
S000364,E0099,2025-03-11,8.0,8.73
S000365,E0051,2025-03-21,8.0,7.27
S000366,E0046,2025-03-24,8.0,7.26
S000367,E0029,2025-03-17,8.0,8.46
S000368,E0099,2025-03-10,8.0,8.08
S000369,E0026,2025-03-20,8.0,7.37
S000370,E0110,2025-03-20,8.0,7.92
S000371,E0003,2025-03-04,8.0,8.04
S000372,E0071,2025-03-16,8.0,8.01
S000373,E0024,2025-03-06,8.0,8.6
S000374,E0115,2025-03-27,8.0,8.33
S000375,E0108,2025-03-26,8.0,9.16
S000376,E0017,2025-03-07,8.0,8.92
S000377,E0107,2025-03-16,8.0,8.51
S000378,E0088,2025-03-10,8.0,8.75
S000379,E0120,2025-03-10,8.0,8.89
S000380,E0119,2025-03-17,8.0,8.52
S000381,E0049,2025-03-04,8.0,7.36
S000382,E0078,2025-03-07,8.0,8.62
S000383,E0114,2025-03-13,8.0,8.14
S000384,E0059,2025-03-20,8.0,9.07
S000385,E0115,2025-03-10,8.0,8.16
S000386,E0022,2025-03-04,8.0,8.42
S000387,E0026,2025-03-10,8.0,8.3
S000388,E0032,2025-03-18,8.0,9.11
S000389,E0032,2025-03-28,8.0,8.21
S000390,E0049,2025-03-26,8.0,7.94
S000391,E0088,2025-03-02,8.0,8.29
S000392,E0088,2025-03-15,8.0,7.84
S000393,E0014,2025-03-07,8.0,8.2
S000394,E0070,2025-03-28,8.0,8.1
S000395,E0093,2025-03-09,8.0,8.26
S000396,E0103,2025-03-18,8.0,9.25
S000397,E0073,2025-03-23,8.0,7.86
S000398,E0100,2025-03-05,8.0,8.12
S000399,E0012,2025-03-23,8.0,7.98
S000400,E0081,2025-03-02,8.0,8.5
S000401,E0103,2025-03-16,8.0,7.39
S000402,E0038,2025-03-20,8.0,7.68
S000403,E0104,2025-03-11,8.0,8.08
S000404,E0003,2025-03-14,8.0,8.43
S000405,E0003,2025-03-17,8.0,8.07
S000406,E0120,2025-03-08,8.0,7.8
S000407,E0044,2025-03-15,8.0,7.58
S000408,E0093,2025-03-19,8.0,8.41
S000409,E0070,2025-03-03,8.0,8.97
S000410,E0074,2025-03-22,8.0,8.29
S000411,E0001,2025-03-07,8.0,8.21
S000412,E0066,2025-03-16,8.0,8.37
S000413,E0108,2025-03-04,8.0,7.53
S000414,E0105,2025-03-16,8.0,7.91
S000415,E0082,2025-03-19,8.0,7.94
S000416,E0096,2025-03-21,8.0,8.28
S000417,E0075,2025-03-07,8.0,8.08
S000418,E0043,2025-03-28,8.0,7.37
S000419,E0093,2025-03-16,8.0,8.78
S000420,E0096,2025-03-14,8.0,9.12
S000421,E0026,2025-03-19,8.0,7.94
S000422,E0059,2025-03-11,8.0,8.34
S000423,E0059,2025-03-23,8.0,8.26
S000424,E0035,2025-03-16,8.0,8.57
S000425,E0034,2025-03-11,8.0,7.21
S000426,E0115,2025-03-24,8.0,9.07
S000427,E0005,2025-03-09,8.0,7.82
S000428,E0019,2025-03-08,8.0,8.86
S000429,E0093,2025-03-07,8.0,8.15
S000430,E0054,2025-03-21,8.0,7.87
S000431,E0091,2025-03-24,8.0,8.02
S000432,E0082,2025-03-11,8.0,8.64
S000433,E0050,2025-03-15,8.0,7.58
S000434,E0098,2025-03-04,8.0,7.87
S000435,E0099,2025-03-17,8.0,7.81
S000436,E0117,2025-03-03,8.0,7.07
S000437,E0051,2025-03-10,8.0,8.88
S000438,E0110,2025-03-01,8.0,8.45
S000439,E0065,2025-03-09,8.0,8.09
S000440,E0068,2025-03-27,8.0,8.8
S000441,E0014,2025-03-10,8.0,7.53
S000442,E0031,2025-03-13,8.0,8.06
S000443,E0107,2025-03-28,8.0,9.14
S000444,E0110,2025-03-28,8.0,8.69
S000445,E0082,2025-03-09,8.0,6.76
S000446,E0092,2025-03-06,8.0,6.1
S000447,E0073,2025-03-04,8.0,7.48
S000448,E0082,2025-03-10,8.0,8.74
S000449,E0056,2025-03-06,8.0,7.82
S000450,E0031,2025-03-02,8.0,7.97
S000451,E0058,2025-03-22,8.0,8.46
S000452,E0081,2025-03-11,8.0,7.57
S000453,E0107,2025-03-21,8.0,8.23
S000454,E0065,2025-03-07,8.0,8.58
S000455,E0007,2025-03-08,8.0,8.38
S000456,E0032,2025-03-27,8.0,8.34
S000457,E0084,2025-03-14,8.0,7.74
S000458,E0039,2025-03-18,8.0,8.41
S000459,E0041,2025-03-12,8.0,7.84
S000460,E0050,2025-03-05,8.0,8.88
S000461,E0090,2025-03-13,8.0,9.64
S000462,E0013,2025-03-04,8.0,7.66
S000463,E0037,2025-03-28,8.0,6.8
S000464,E0018,2025-03-06,8.0,7.84
S000465,E0050,2025-03-09,8.0,8.33
S000466,E0008,2025-03-14,8.0,8.73
S000467,E0058,2025-03-09,8.0,8.75
S000468,E0056,2025-03-01,8.0,7.63
S000469,E0008,2025-03-16,8.0,7.62
S000470,E0109,2025-03-07,8.0,8.86
S000471,E0115,2025-03-07,8.0,7.44
S000472,E0001,2025-03-04,8.0,8.75
S000473,E0001,2025-03-01,8.0,7.96
S000474,E0106,2025-03-27,8.0,8.56
S000475,E0021,2025-03-22,8.0,8.52
S000476,E0080,2025-03-12,8.0,8.57
S000477,E0055,2025-03-24,8.0,8.59
S000478,E0029,2025-03-22,8.0,7.51
S000479,E0117,2025-03-17,8.0,8.28
S000480,E0113,2025-03-27,8.0,8.11
S000481,E0046,2025-03-01,8.0,8.29
S000482,E0047,2025-03-24,8.0,8.84
S000483,E0080,2025-03-01,8.0,7.94
S000484,E0067,2025-03-03,8.0,7.67
S000485,E0060,2025-03-19,8.0,7.66
S000486,E0026,2025-03-26,8.0,7.91
S000487,E0063,2025-03-02,8.0,8.55
S000488,E0048,2025-03-15,8.0,7.61
S000489,E0104,2025-03-03,8.0,8.8
S000490,E0021,2025-03-25,8.0,8.27
S000491,E0044,2025-03-24,8.0,7.96
S000492,E0054,2025-03-12,8.0,7.3
S000493,E0108,2025-03-10,8.0,8.25
S000494,E0001,2025-03-26,8.0,8.51
S000495,E0100,2025-03-21,8.0,7.04
S000496,E0013,2025-03-12,8.0,8.82
S000497,E0080,2025-03-23,8.0,9.09
S000498,E0102,2025-03-08,8.0,8.3
S000499,E0025,2025-03-22,8.0,8.4
S000500,E0033,2025-03-17,8.0,9.55
S000501,E0073,2025-03-03,8.0,8.84
S000502,E0042,2025-03-24,8.0,7.56
S000503,E0006,2025-03-21,8.0,8.09
S000504,E0063,2025-03-20,8.0,8.01
S000505,E0095,2025-03-02,8.0,8.01
S000506,E0077,2025-03-23,8.0,6.68
S000507,E0016,2025-03-03,8.0,8.55
S000508,E0047,2025-03-25,8.0,7.72
S000509,E0113,2025-03-24,8.0,8.2
S000510,E0007,2025-03-16,8.0,8.02
S000511,E0100,2025-03-10,8.0,8.62
S000512,E0115,2025-03-04,8.0,7.92
S000513,E0074,2025-03-06,8.0,7.62
S000514,E0115,2025-03-19,8.0,8.42
S000515,E0062,2025-03-15,8.0,8.94
S000516,E0022,2025-03-10,8.0,7.91
S000517,E0086,2025-03-24,8.0,8.92
S000518,E0067,2025-03-27,8.0,8.26
S000519,E0072,2025-03-14,8.0,7.78
S000520,E0001,2025-03-23,8.0,9.02
S000521,E0087,2025-03-12,8.0,7.61
S000522,E0083,2025-03-17,8.0,8.71
S000523,E0049,2025-03-24,8.0,7.8
S000524,E0079,2025-03-05,8.0,8.37
S000525,E0092,2025-03-07,8.0,7.36
S000526,E0052,2025-03-10,8.0,7.6
S000527,E0027,2025-03-14,8.0,8.74
S000528,E0119,2025-03-14,8.0,8.21
S000529,E0033,2025-03-13,8.0,8.12
S000530,E0063,2025-03-01,8.0,7.84
S000531,E0098,2025-03-20,8.0,8.37
S000532,E0079,2025-03-08,8.0,7.26
S000533,E0023,2025-03-17,8.0,7.43
S000534,E0114,2025-03-08,8.0,8.01
S000535,E0078,2025-03-19,8.0,7.6
S000536,E0096,2025-03-04,8.0,7.68
S000537,E0089,2025-03-25,8.0,8.06
S000538,E0040,2025-03-24,8.0,8.02
S000539,E0109,2025-03-03,8.0,7.97
S000540,E0015,2025-03-18,8.0,9.1
S000541,E0064,2025-03-28,8.0,8.71
S000542,E0104,2025-03-26,8.0,8.84
S000543,E0117,2025-03-20,8.0,8.08
S000544,E0078,2025-03-24,8.0,7.8
S000545,E0088,2025-03-23,8.0,7.23
S000546,E0118,2025-03-25,8.0,7.89
S000547,E0065,2025-03-27,8.0,6.85
S000548,E0104,2025-03-10,8.0,7.75
S000549,E0059,2025-03-01,8.0,8.56
S000550,E0012,2025-03-27,8.0,9.07
S000551,E0113,2025-03-20,8.0,8.68
S000552,E0030,2025-03-03,8.0,7.58
S000553,E0020,2025-03-20,8.0,8.4
S000554,E0099,2025-03-25,8.0,7.63
S000555,E0115,2025-03-20,8.0,8.59
S000556,E0054,2025-03-23,8.0,8.03
S000557,E0088,2025-03-13,8.0,8.61
S000558,E0070,2025-03-14,8.0,9.64
S000559,E0078,2025-03-21,8.0,8.65
S000560,E0108,2025-03-17,8.0,9.5
S000561,E0077,2025-03-08,8.0,8.21
S000562,E0009,2025-03-17,8.0,7.9
S000563,E0099,2025-03-16,8.0,8.9
S000564,E0033,2025-03-21,8.0,9.13
S000565,E0089,2025-03-09,8.0,7.77
S000566,E0020,2025-03-13,8.0,8.15
S000567,E0100,2025-03-20,8.0,7.24
S000568,E0008,2025-03-03,8.0,7.98
S000569,E0116,2025-03-25,8.0,8.63
S000570,E0030,2025-03-11,8.0,8.05
S000571,E0025,2025-03-26,8.0,7.76
S000572,E0008,2025-03-13,8.0,7.26
S000573,E0037,2025-03-04,8.0,8.32
S000574,E0005,2025-03-15,8.0,8.58
S000575,E0037,2025-03-20,8.0,8.46
S000576,E0051,2025-03-03,8.0,8.25
S000577,E0015,2025-03-01,8.0,7.34
S000578,E0084,2025-03-25,8.0,9.16
S000579,E0069,2025-03-12,8.0,8.07
S000580,E0086,2025-03-23,8.0,8.01
S000581,E0049,2025-03-06,8.0,8.54
S000582,E0095,2025-03-17,8.0,6.8
S000583,E0082,2025-03-08,8.0,8.06
S000584,E0020,2025-03-09,8.0,8.02
S000585,E0054,2025-03-25,8.0,8.32
S000586,E0012,2025-03-05,8.0,8.91
S000587,E0005,2025-03-13,8.0,8.38
S000588,E0079,2025-03-16,8.0,7.0
S000589,E0037,2025-03-01,8.0,7.9
S000590,E0006,2025-03-27,8.0,8.22
S000591,E0104,2025-03-02,8.0,8.19
S000592,E0013,2025-03-15,8.0,7.33
S000593,E0059,2025-03-15,8.0,7.1
S000594,E0036,2025-03-02,8.0,8.43
S000595,E0052,2025-03-24,8.0,8.31
S000596,E0101,2025-03-27,8.0,8.09
S000597,E0072,2025-03-13,8.0,7.06
S000598,E0025,2025-03-21,8.0,9.16
S000599,E0067,2025-03-21,8.0,6.36
S000600,E0044,2025-03-09,8.0,7.88
S000601,E0085,2025-03-26,8.0,9.35
S000602,E0033,2025-03-19,8.0,8.01
S000603,E0058,2025-03-02,8.0,8.24
S000604,E0092,2025-03-25,8.0,7.39
S000605,E0038,2025-03-07,8.0,8.92
S000606,E0004,2025-03-03,8.0,7.32
S000607,E0037,2025-03-25,8.0,8.25
S000608,E0114,2025-03-21,8.0,8.18
S000609,E0067,2025-03-02,8.0,7.47
S000610,E0059,2025-03-07,8.0,8.63
S000611,E0095,2025-03-04,8.0,7.25
S000612,E0088,2025-03-14,8.0,7.69
S000613,E0022,2025-03-16,8.0,8.08
S000614,E0072,2025-03-22,8.0,7.85
S000615,E0074,2025-03-09,8.0,8.38
S000616,E0048,2025-03-10,8.0,8.65
S000617,E0093,2025-03-28,8.0,7.92
S000618,E0087,2025-03-15,8.0,7.78
S000619,E0049,2025-03-09,8.0,7.79
S000620,E0117,2025-03-11,8.0,7.88
S000621,E0114,2025-03-09,8.0,8.59
S000622,E0005,2025-03-05,8.0,7.97
S000623,E0005,2025-03-12,8.0,8.34
S000624,E0092,2025-03-05,8.0,8.05
S000625,E0035,2025-03-22,8.0,7.59
S000626,E0083,2025-03-20,8.0,8.62
S000627,E0071,2025-03-12,8.0,7.48
S000628,E0041,2025-03-08,8.0,8.1
S000629,E0118,2025-03-19,8.0,8.99
S000630,E0076,2025-03-03,8.0,7.44
S000631,E0007,2025-03-12,8.0,8.07
S000632,E0083,2025-03-04,8.0,7.15
S000633,E0089,2025-03-05,8.0,7.79
S000634,E0077,2025-03-10,8.0,7.2
S000635,E0031,2025-03-10,8.0,7.88
S000636,E0119,2025-03-07,8.0,7.78
S000637,E0009,2025-03-12,8.0,8.18
S000638,E0098,2025-03-03,8.0,9.05
S000639,E0047,2025-03-10,8.0,8.27
S000640,E0044,2025-03-05,8.0,8.49
S000641,E0022,2025-03-17,8.0,8.07
S000642,E0084,2025-03-13,8.0,7.95
S000643,E0003,2025-03-10,8.0,7.6
S000644,E0076,2025-03-15,8.0,7.02
S000645,E0024,2025-03-18,8.0,8.14
S000646,E0010,2025-03-13,8.0,9.08
S000647,E0093,2025-03-10,8.0,8.39
S000648,E0102,2025-03-26,8.0,7.78
S000649,E0001,2025-03-06,8.0,9.09
S000650,E0022,2025-03-06,8.0,7.84
S000651,E0112,2025-03-18,8.0,7.73
S000652,E0040,2025-03-16,8.0,7.37
S000653,E0004,2025-03-28,8.0,7.52
S000654,E0116,2025-03-02,8.0,7.95
S000655,E0072,2025-03-20,8.0,9.3
S000656,E0070,2025-03-27,8.0,7.98
S000657,E0079,2025-03-03,8.0,7.48
S000658,E0056,2025-03-28,8.0,7.74
S000659,E0073,2025-03-02,8.0,7.97
S000660,E0030,2025-03-13,8.0,7.07
S000661,E0017,2025-03-25,8.0,8.18
S000662,E0036,2025-03-11,8.0,8.52
S000663,E0114,2025-03-27,8.0,8.29
S000664,E0002,2025-03-14,8.0,8.46
S000665,E0010,2025-03-01,8.0,7.33
S000666,E0090,2025-03-19,8.0,7.08
S000667,E0070,2025-03-09,8.0,8.87
S000668,E0011,2025-03-22,8.0,8.76
S000669,E0042,2025-03-18,8.0,7.18
S000670,E0064,2025-03-11,8.0,8.22
S000671,E0118,2025-03-21,8.0,8.12
S000672,E0096,2025-03-27,8.0,8.43
S000673,E0037,2025-03-21,8.0,8.23
S000674,E0085,2025-03-21,8.0,7.8
S000675,E0076,2025-03-22,8.0,8.22
S000676,E0074,2025-03-21,8.0,8.19
S000677,E0064,2025-03-13,8.0,8.07
S000678,E0110,2025-03-04,8.0,6.99
S000679,E0017,2025-03-09,8.0,6.3
S000680,E0006,2025-03-17,8.0,7.63
S000681,E0066,2025-03-24,8.0,7.12
S000682,E0103,2025-03-22,8.0,8.25
S000683,E0041,2025-03-17,8.0,8.53
S000684,E0064,2025-03-21,8.0,8.26
S000685,E0079,2025-03-15,8.0,7.88
S000686,E0106,2025-03-05,8.0,8.14
S000687,E0015,2025-03-19,8.0,8.8
S000688,E0028,2025-03-26,8.0,7.66
S000689,E0062,2025-03-22,8.0,8.65
S000690,E0017,2025-03-12,8.0,8.52
S000691,E0021,2025-03-24,8.0,8.26
S000692,E0091,2025-03-16,8.0,8.97
S000693,E0004,2025-03-20,8.0,7.67
S000694,E0110,2025-03-05,8.0,8.67
S000695,E0060,2025-03-28,8.0,7.54
S000696,E0062,2025-03-20,8.0,7.64
S000697,E0035,2025-03-20,8.0,7.46
S000698,E0024,2025-03-09,8.0,8.37
S000699,E0102,2025-03-03,8.0,7.54
S000700,E0085,2025-03-01,8.0,8.13
S000701,E0064,2025-03-24,8.0,7.42
S000702,E0119,2025-03-04,8.0,8.74
S000703,E0061,2025-03-12,8.0,9.2
S000704,E0091,2025-03-12,8.0,8.24
S000705,E0066,2025-03-12,8.0,9.09
S000706,E0096,2025-03-03,8.0,8.44
S000707,E0069,2025-03-21,8.0,9.4
S000708,E0108,2025-03-11,8.0,8.16
S000709,E0092,2025-03-23,8.0,7.16
S000710,E0049,2025-03-05,8.0,8.99
S000711,E0052,2025-03-23,8.0,8.02
S000712,E0074,2025-03-02,8.0,7.48
S000713,E0030,2025-03-07,8.0,7.71
S000714,E0060,2025-03-03,8.0,7.12
S000715,E0040,2025-03-01,8.0,8.0
S000716,E0016,2025-03-24,8.0,7.46
S000717,E0102,2025-03-11,8.0,8.99
S000718,E0034,2025-03-10,8.0,8.5
S000719,E0072,2025-03-04,8.0,7.1
S000720,E0096,2025-03-09,8.0,7.19
S000721,E0070,2025-03-13,8.0,7.76
S000722,E0002,2025-03-07,8.0,6.94
S000723,E0010,2025-03-19,8.0,8.03
S000724,E0062,2025-03-27,8.0,8.07
S000725,E0064,2025-03-18,8.0,7.64
S000726,E0073,2025-03-06,8.0,7.77
S000727,E0113,2025-03-01,8.0,8.4
S000728,E0021,2025-03-27,8.0,8.95
S000729,E0052,2025-03-16,8.0,9.0
S000730,E0013,2025-03-27,8.0,8.12
S000731,E0057,2025-03-04,8.0,8.61
S000732,E0038,2025-03-01,8.0,7.66
S000733,E0115,2025-03-11,8.0,8.35
S000734,E0085,2025-03-18,8.0,7.52
S000735,E0080,2025-03-05,8.0,8.54
S000736,E0096,2025-03-05,8.0,7.36
S000737,E0102,2025-03-20,8.0,7.52
S000738,E0059,2025-03-02,8.0,8.09
S000739,E0060,2025-03-26,8.0,8.43
S000740,E0104,2025-03-08,8.0,7.24
S000741,E0079,2025-03-02,8.0,7.78
S000742,E0005,2025-03-20,8.0,8.18
S000743,E0031,2025-03-28,8.0,8.24
S000744,E0069,2025-03-20,8.0,7.6
S000745,E0074,2025-03-03,8.0,8.16
S000746,E0094,2025-03-07,8.0,7.94
S000747,E0118,2025-03-16,8.0,8.94
S000748,E0087,2025-03-02,8.0,8.43
S000749,E0046,2025-03-05,8.0,7.31
S000750,E0114,2025-03-05,8.0,6.78
S000751,E0027,2025-03-02,8.0,8.16
S000752,E0067,2025-03-16,8.0,8.81
S000753,E0079,2025-03-09,8.0,8.2
S000754,E0077,2025-03-17,8.0,8.63
S000755,E0097,2025-03-28,8.0,7.81
S000756,E0102,2025-03-05,8.0,7.28
S000757,E0061,2025-03-22,8.0,8.55
S000758,E0025,2025-03-14,8.0,8.16
S000759,E0020,2025-03-27,8.0,8.51
S000760,E0010,2025-03-12,8.0,7.27
S000761,E0063,2025-03-22,8.0,8.21
S000762,E0025,2025-03-24,8.0,7.72
S000763,E0075,2025-03-25,8.0,8.58
S000764,E0011,2025-03-14,8.0,7.75
S000765,E0044,2025-03-07,8.0,7.74
S000766,E0058,2025-03-14,8.0,7.75
S000767,E0091,2025-03-01,8.0,8.86
S000768,E0042,2025-03-15,8.0,8.12
S000769,E0065,2025-03-08,8.0,7.64
S000770,E0117,2025-03-28,8.0,7.49
S000771,E0100,2025-03-23,8.0,7.47
S000772,E0011,2025-03-24,8.0,8.98
S000773,E0056,2025-03-16,8.0,7.01
S000774,E0100,2025-03-19,8.0,7.59
S000775,E0107,2025-03-20,8.0,8.48
S000776,E0036,2025-03-01,8.0,8.81
S000777,E0078,2025-03-08,8.0,8.01
S000778,E0113,2025-03-09,8.0,8.57
S000779,E0108,2025-03-06,8.0,8.56
S000780,E0014,2025-03-28,8.0,8.69
S000781,E0088,2025-03-18,8.0,8.13
S000782,E0070,2025-03-16,8.0,9.09
S000783,E0096,2025-03-20,8.0,8.23
S000784,E0033,2025-03-16,8.0,9.03
S000785,E0013,2025-03-26,8.0,7.45
S000786,E0013,2025-03-21,8.0,8.68
S000787,E0004,2025-03-08,8.0,7.36
S000788,E0049,2025-03-25,8.0,7.21
S000789,E0111,2025-03-16,8.0,8.42
S000790,E0060,2025-03-22,8.0,7.62
S000791,E0003,2025-03-18,8.0,8.39
S000792,E0009,2025-03-06,8.0,7.48
S000793,E0111,2025-03-10,8.0,9.08
S000794,E0051,2025-03-07,8.0,8.13
S000795,E0089,2025-03-06,8.0,7.44
S000796,E0040,2025-03-22,8.0,8.23
S000797,E0091,2025-03-02,8.0,8.65
S000798,E0003,2025-03-27,8.0,7.66
S000799,E0064,2025-03-15,8.0,8.44
S000800,E0077,2025-03-18,8.0,9.36
S000801,E0010,2025-03-21,8.0,8.65
S000802,E0087,2025-03-21,8.0,8.12
S000803,E0100,2025-03-22,8.0,7.79
S000804,E0032,2025-03-23,8.0,8.48
S000805,E0066,2025-03-14,8.0,7.22
S000806,E0096,2025-03-06,8.0,6.31
S000807,E0038,2025-03-17,8.0,7.73
S000808,E0109,2025-03-24,8.0,7.48
S000809,E0069,2025-03-28,8.0,9.18
S000810,E0040,2025-03-14,8.0,8.22
S000811,E0012,2025-03-14,8.0,7.54
S000812,E0021,2025-03-14,8.0,7.44
S000813,E0016,2025-03-27,8.0,8.43
S000814,E0117,2025-03-25,8.0,7.64
S000815,E0080,2025-03-07,8.0,7.79
S000816,E0109,2025-03-15,8.0,8.08
S000817,E0069,2025-03-17,8.0,8.19
S000818,E0001,2025-03-17,8.0,8.2
S000819,E0034,2025-03-17,8.0,8.21
S000820,E0118,2025-03-11,8.0,8.92
S000821,E0089,2025-03-08,8.0,9.16
S000822,E0094,2025-03-18,8.0,7.15
S000823,E0101,2025-03-03,8.0,9.69
S000824,E0028,2025-03-13,8.0,8.22
S000825,E0040,2025-03-28,8.0,8.89
S000826,E0044,2025-03-04,8.0,7.7
S000827,E0102,2025-03-17,8.0,8.34
S000828,E0031,2025-03-17,8.0,8.27
S000829,E0075,2025-03-23,8.0,8.21
S000830,E0081,2025-03-10,8.0,8.66
S000831,E0044,2025-03-21,8.0,8.52
S000832,E0007,2025-03-19,8.0,7.54
S000833,E0095,2025-03-19,8.0,8.07
S000834,E0113,2025-03-23,8.0,8.58
S000835,E0032,2025-03-25,8.0,8.56
S000836,E0017,2025-03-01,8.0,7.94
S000837,E0008,2025-03-17,8.0,7.98
S000838,E0119,2025-03-12,8.0,8.05
S000839,E0087,2025-03-28,8.0,7.48
S000840,E0113,2025-03-08,8.0,7.37
S000841,E0052,2025-03-28,8.0,9.09
S000842,E0080,2025-03-25,8.0,7.91
S000843,E0069,2025-03-09,8.0,8.2
S000844,E0018,2025-03-18,8.0,7.7
S000845,E0082,2025-03-02,8.0,8.92
S000846,E0109,2025-03-27,8.0,9.2
S000847,E0058,2025-03-06,8.0,8.01
S000848,E0101,2025-03-18,8.0,8.45
S000849,E0113,2025-03-26,8.0,7.69
S000850,E0079,2025-03-07,8.0,9.2
S000851,E0069,2025-03-07,8.0,8.7
S000852,E0050,2025-03-02,8.0,7.64
S000853,E0043,2025-03-07,8.0,8.89
S000854,E0016,2025-03-21,8.0,8.36
S000855,E0050,2025-03-11,8.0,8.39
S000856,E0057,2025-03-10,8.0,8.36
S000857,E0055,2025-03-05,8.0,7.74
S000858,E0106,2025-03-09,8.0,7.82
S000859,E0079,2025-03-19,8.0,8.52
S000860,E0056,2025-03-22,8.0,8.11
S000861,E0077,2025-03-24,8.0,7.57
S000862,E0106,2025-03-06,8.0,9.36
S000863,E0027,2025-03-23,8.0,8.02
S000864,E0047,2025-03-13,8.0,7.81
S000865,E0015,2025-03-16,8.0,7.72
S000866,E0100,2025-03-09,8.0,8.56
S000867,E0078,2025-03-04,8.0,8.73
S000868,E0060,2025-03-12,8.0,8.29
S000869,E0027,2025-03-16,8.0,8.66
S000870,E0098,2025-03-10,8.0,7.24
S000871,E0055,2025-03-11,8.0,7.92
S000872,E0073,2025-03-01,8.0,7.86
S000873,E0082,2025-03-18,8.0,8.14
S000874,E0032,2025-03-10,8.0,8.43
S000875,E0029,2025-03-02,8.0,6.92
S000876,E0094,2025-03-28,8.0,10.01
S000877,E0028,2025-03-08,8.0,7.62
S000878,E0104,2025-03-14,8.0,8.35
S000879,E0012,2025-03-28,8.0,8.63
S000880,E0038,2025-03-06,8.0,8.65
S000881,E0037,2025-03-24,8.0,8.28
S000882,E0112,2025-03-03,8.0,6.39
S000883,E0011,2025-03-06,8.0,7.48
S000884,E0111,2025-03-14,8.0,8.59
S000885,E0098,2025-03-16,8.0,7.58
S000886,E0038,2025-03-02,8.0,7.5
S000887,E0022,2025-03-05,8.0,6.72
S000888,E0046,2025-03-14,8.0,8.86
S000889,E0055,2025-03-25,8.0,8.43
S000890,E0066,2025-03-11,8.0,7.59
S000891,E0027,2025-03-22,8.0,8.05
S000892,E0098,2025-03-11,8.0,8.06
S000893,E0109,2025-03-14,8.0,7.45
S000894,E0103,2025-03-11,8.0,7.96
S000895,E0044,2025-03-28,8.0,8.27
S000896,E0074,2025-03-24,8.0,8.45
S000897,E0024,2025-03-28,8.0,8.88
S000898,E0024,2025-03-15,8.0,8.13
S000899,E0084,2025-03-04,8.0,7.84
S000900,E0116,2025-03-01,8.0,8.36
S000901,E0035,2025-03-15,8.0,7.74
S000902,E0120,2025-03-17,8.0,7.36
S000903,E0013,2025-03-14,8.0,8.8
S000904,E0027,2025-03-03,8.0,7.88
S000905,E0030,2025-03-26,8.0,8.19
S000906,E0108,2025-03-12,8.0,8.5
S000907,E0101,2025-03-07,8.0,7.45
S000908,E0116,2025-03-04,8.0,8.5
S000909,E0056,2025-03-23,8.0,8.38
S000910,E0075,2025-03-11,8.0,8.05
S000911,E0101,2025-03-21,8.0,8.35
S000912,E0087,2025-03-09,8.0,7.66
S000913,E0063,2025-03-10,8.0,6.79
S000914,E0071,2025-03-19,8.0,7.94
S000915,E0088,2025-03-06,8.0,7.56
S000916,E0064,2025-03-22,8.0,8.63
S000917,E0075,2025-03-27,8.0,8.27
S000918,E0070,2025-03-15,8.0,7.79
S000919,E0073,2025-03-18,8.0,8.14
S000920,E0076,2025-03-19,8.0,8.92
S000921,E0039,2025-03-25,8.0,8.79
S000922,E0069,2025-03-14,8.0,8.33
S000923,E0074,2025-03-11,8.0,8.37
S000924,E0067,2025-03-28,8.0,7.94
S000925,E0069,2025-03-13,8.0,8.03
S000926,E0070,2025-03-10,8.0,8.46
S000927,E0069,2025-03-27,8.0,8.04
S000928,E0100,2025-03-15,8.0,8.29
S000929,E0083,2025-03-08,8.0,7.44
S000930,E0104,2025-03-06,8.0,7.11
S000931,E0015,2025-03-15,8.0,7.09
S000932,E0057,2025-03-22,8.0,7.85
S000933,E0033,2025-03-03,8.0,8.91
S000934,E0012,2025-03-12,8.0,8.82
S000935,E0019,2025-03-12,8.0,7.51
S000936,E0076,2025-03-20,8.0,7.18
S000937,E0019,2025-03-07,8.0,8.59
S000938,E0037,2025-03-02,8.0,8.39
S000939,E0078,2025-03-27,8.0,7.29
S000940,E0109,2025-03-20,8.0,8.74
S000941,E0070,2025-03-24,8.0,8.21
S000942,E0104,2025-03-17,8.0,8.9
S000943,E0023,2025-03-11,8.0,8.31
S000944,E0041,2025-03-01,8.0,8.64
S000945,E0009,2025-03-21,8.0,8.3
S000946,E0102,2025-03-15,8.0,7.54
S000947,E0076,2025-03-08,8.0,7.97
S000948,E0013,2025-03-20,8.0,7.7
S000949,E0048,2025-03-21,8.0,8.61
S000950,E0095,2025-03-12,8.0,7.51
S000951,E0002,2025-03-23,8.0,7.19
S000952,E0082,2025-03-14,8.0,8.52
S000953,E0054,2025-03-20,8.0,8.8
S000954,E0003,2025-03-07,8.0,8.98
S000955,E0017,2025-03-17,8.0,8.76
S000956,E0003,2025-03-06,8.0,7.2
S000957,E0034,2025-03-05,8.0,7.69
S000958,E0074,2025-03-04,8.0,7.78
S000959,E0039,2025-03-02,8.0,8.09
S000960,E0052,2025-03-14,8.0,6.81
S000961,E0008,2025-03-02,8.0,8.1
S000962,E0117,2025-03-15,8.0,8.27
S000963,E0097,2025-03-07,8.0,7.54
S000964,E0111,2025-03-11,8.0,8.18
S000965,E0042,2025-03-08,8.0,8.82
S000966,E0022,2025-03-28,8.0,8.13
S000967,E0059,2025-03-14,8.0,8.74
S000968,E0078,2025-03-10,8.0,8.72
S000969,E0033,2025-03-04,8.0,8.35
S000970,E0060,2025-03-09,8.0,8.34
S000971,E0015,2025-03-21,8.0,7.88
S000972,E0020,2025-03-02,8.0,8.85
S000973,E0039,2025-03-26,8.0,7.82
S000974,E0066,2025-03-01,8.0,7.69
S000975,E0103,2025-03-20,8.0,8.53
S000976,E0030,2025-03-12,8.0,7.67
S000977,E0032,2025-03-17,8.0,8.36
S000978,E0106,2025-03-12,8.0,8.74
S000979,E0022,2025-03-03,8.0,8.16
S000980,E0113,2025-03-25,8.0,8.17
S000981,E0097,2025-03-02,8.0,8.66
S000982,E0107,2025-03-02,8.0,8.56
S000983,E0074,2025-03-08,8.0,7.18
S000984,E0003,2025-03-28,8.0,7.32
S000985,E0007,2025-03-01,8.0,8.91
S000986,E0046,2025-03-28,8.0,8.34
S000987,E0042,2025-03-23,8.0,6.86
S000988,E0092,2025-03-26,8.0,7.3
S000989,E0108,2025-03-01,8.0,8.12
S000990,E0065,2025-03-15,8.0,7.52
S000991,E0117,2025-03-23,8.0,8.39
S000992,E0024,2025-03-26,8.0,8.16
S000993,E0113,2025-03-11,8.0,8.4
S000994,E0107,2025-03-01,8.0,7.41
S000995,E0107,2025-03-08,8.0,8.48
S000996,E0085,2025-03-20,8.0,9.29
S000997,E0100,2025-03-13,8.0,7.63
S000998,E0015,2025-03-09,8.0,8.9
S000999,E0033,2025-03-06,8.0,8.7
S001000,E0120,2025-03-05,8.0,8.5
S001001,E0090,2025-03-15,8.0,8.07
S001002,E0022,2025-03-26,8.0,7.42
S001003,E0120,2025-03-21,8.0,7.59
S001004,E0090,2025-03-18,8.0,8.57
S001005,E0054,2025-03-28,8.0,8.7
S001006,E0112,2025-03-22,8.0,8.85
S001007,E0093,2025-03-23,8.0,8.69
S001008,E0105,2025-03-23,8.0,8.66
S001009,E0056,2025-03-03,8.0,7.85
S001010,E0060,2025-03-04,8.0,7.39
S001011,E0059,2025-03-27,8.0,8.24
S001012,E0084,2025-03-18,8.0,8.41
S001013,E0009,2025-03-22,8.0,8.17
S001014,E0008,2025-03-27,8.0,7.2
S001015,E0022,2025-03-24,8.0,7.8
S001016,E0114,2025-03-01,8.0,7.23
S001017,E0063,2025-03-06,8.0,8.2
S001018,E0077,2025-03-25,8.0,7.48
S001019,E0014,2025-03-11,8.0,8.01
S001020,E0078,2025-03-14,8.0,8.31
S001021,E0100,2025-03-28,8.0,8.2
S001022,E0064,2025-03-06,8.0,8.94
S001023,E0038,2025-03-12,8.0,7.45
S001024,E0056,2025-03-08,8.0,6.81
S001025,E0039,2025-03-20,8.0,8.68
S001026,E0024,2025-03-03,8.0,8.96
S001027,E0056,2025-03-05,8.0,8.98
S001028,E0120,2025-03-02,8.0,8.29
S001029,E0114,2025-03-04,8.0,8.44
S001030,E0027,2025-03-28,8.0,8.19
S001031,E0038,2025-03-26,8.0,7.34
S001032,E0033,2025-03-07,8.0,7.77
S001033,E0040,2025-03-26,8.0,8.42
S001034,E0029,2025-03-19,8.0,7.77
S001035,E0087,2025-03-04,8.0,9.26
S001036,E0066,2025-03-15,8.0,7.19
S001037,E0095,2025-03-09,8.0,7.86
S001038,E0027,2025-03-24,8.0,8.78
S001039,E0014,2025-03-15,8.0,7.75
S001040,E0108,2025-03-23,8.0,7.44
S001041,E0022,2025-03-18,8.0,7.3
S001042,E0011,2025-03-10,8.0,7.68
S001043,E0021,2025-03-07,8.0,9.02
S001044,E0035,2025-03-28,8.0,8.36
S001045,E0072,2025-03-05,8.0,8.43
S001046,E0104,2025-03-22,8.0,7.81
S001047,E0101,2025-03-25,8.0,8.63
S001048,E0105,2025-03-20,8.0,8.18
S001049,E0074,2025-03-19,8.0,7.57
S001050,E0087,2025-03-16,8.0,7.85
S001051,E0051,2025-03-24,8.0,8.24
S001052,E0042,2025-03-21,8.0,8.82
S001053,E0074,2025-03-12,8.0,8.08
S001054,E0115,2025-03-06,8.0,8.42
S001055,E0026,2025-03-25,8.0,9.33
S001056,E0018,2025-03-07,8.0,7.64
S001057,E0040,2025-03-06,8.0,7.38
S001058,E0035,2025-03-10,8.0,8.71
S001059,E0116,2025-03-28,8.0,8.38
S001060,E0036,2025-03-28,8.0,8.06
S001061,E0020,2025-03-23,8.0,8.28
S001062,E0072,2025-03-23,8.0,7.92
S001063,E0033,2025-03-15,8.0,8.43
S001064,E0065,2025-03-06,8.0,7.92
S001065,E0023,2025-03-22,8.0,8.6
S001066,E0075,2025-03-28,8.0,7.42
S001067,E0083,2025-03-18,8.0,7.63
S001068,E0061,2025-03-24,8.0,8.19
S001069,E0112,2025-03-01,8.0,7.84
S001070,E0089,2025-03-17,8.0,8.54
S001071,E0048,2025-03-26,8.0,8.1
S001072,E0067,2025-03-22,8.0,7.8
S001073,E0107,2025-03-13,8.0,8.25
S001074,E0078,2025-03-15,8.0,7.81
S001075,E0107,2025-03-18,8.0,7.19
S001076,E0066,2025-03-17,8.0,7.44
S001077,E0003,2025-03-26,8.0,7.64
S001078,E0031,2025-03-11,8.0,7.84
S001079,E0084,2025-03-22,8.0,8.18
S001080,E0058,2025-03-25,8.0,8.67
S001081,E0073,2025-03-19,8.0,8.45
S001082,E0120,2025-03-16,8.0,9.19
S001083,E0004,2025-03-23,8.0,8.89
S001084,E0077,2025-03-01,8.0,8.01
S001085,E0103,2025-03-27,8.0,9.12
S001086,E0065,2025-03-04,8.0,8.83
S001087,E0016,2025-03-06,8.0,7.85
S001088,E0050,2025-03-16,8.0,8.31
S001089,E0102,2025-03-13,8.0,8.78
S001090,E0064,2025-03-16,8.0,8.27
S001091,E0101,2025-03-09,8.0,8.74
S001092,E0063,2025-03-21,8.0,8.36
S001093,E0082,2025-03-03,8.0,8.55
S001094,E0088,2025-03-24,8.0,7.94
S001095,E0114,2025-03-07,8.0,8.36
S001096,E0039,2025-03-19,8.0,7.91
S001097,E0017,2025-03-16,8.0,8.53
S001098,E0010,2025-03-05,8.0,7.11
S001099,E0052,2025-03-17,8.0,8.33
S001100,E0044,2025-03-20,8.0,8.88
S001101,E0013,2025-03-06,8.0,8.48
S001102,E0007,2025-03-28,8.0,8.11
S001103,E0068,2025-03-13,8.0,8.45
S001104,E0011,2025-03-11,8.0,7.62
S001105,E0089,2025-03-13,8.0,7.63
S001106,E0102,2025-03-24,8.0,7.91
S001107,E0034,2025-03-09,8.0,8.04
S001108,E0048,2025-03-28,8.0,8.71
S001109,E0002,2025-03-01,8.0,7.59
S001110,E0041,2025-03-11,8.0,8.73
S001111,E0022,2025-03-13,8.0,7.18
S001112,E0117,2025-03-10,8.0,7.66
S001113,E0015,2025-03-02,8.0,8.11
S001114,E0028,2025-03-10,8.0,8.82
S001115,E0092,2025-03-13,8.0,7.76
S001116,E0023,2025-03-16,8.0,6.84
S001117,E0096,2025-03-07,8.0,8.38
S001118,E0025,2025-03-17,8.0,8.11
S001119,E0120,2025-03-04,8.0,7.48
S001120,E0084,2025-03-16,8.0,7.5
S001121,E0090,2025-03-26,8.0,7.71
S001122,E0005,2025-03-01,8.0,8.19
S001123,E0055,2025-03-01,8.0,8.53
S001124,E0008,2025-03-09,8.0,7.24
S001125,E0011,2025-03-21,8.0,9.5
S001126,E0079,2025-03-24,8.0,8.1
S001127,E0091,2025-03-07,8.0,7.9
S001128,E0095,2025-03-08,8.0,8.53
S001129,E0064,2025-03-07,8.0,8.19
S001130,E0064,2025-03-17,8.0,9.53
S001131,E0104,2025-03-20,8.0,8.78
S001132,E0067,2025-03-06,8.0,7.91
S001133,E0031,2025-03-14,8.0,7.89
S001134,E0046,2025-03-18,8.0,7.83
S001135,E0053,2025-03-01,8.0,7.92
S001136,E0073,2025-03-15,8.0,8.53
S001137,E0113,2025-03-15,8.0,7.74
S001138,E0108,2025-03-03,8.0,9.09
S001139,E0005,2025-03-17,8.0,8.08
S001140,E0073,2025-03-28,8.0,8.04
S001141,E0038,2025-03-16,8.0,8.7
S001142,E0031,2025-03-12,8.0,6.94
S001143,E0029,2025-03-09,8.0,7.56
S001144,E0032,2025-03-09,8.0,8.49
S001145,E0062,2025-03-28,8.0,8.13
S001146,E0066,2025-03-19,8.0,8.12
S001147,E0021,2025-03-09,8.0,8.36
S001148,E0073,2025-03-14,8.0,7.76
S001149,E0084,2025-03-02,8.0,8.02
S001150,E0041,2025-03-13,8.0,7.31
S001151,E0063,2025-03-13,8.0,7.0
S001152,E0027,2025-03-10,8.0,8.88
S001153,E0041,2025-03-22,8.0,7.57
S001154,E0104,2025-03-15,8.0,7.7
S001155,E0045,2025-03-02,8.0,8.96
S001156,E0008,2025-03-26,8.0,8.76
S001157,E0106,2025-03-08,8.0,7.81
S001158,E0017,2025-03-13,8.0,7.81
S001159,E0018,2025-03-13,8.0,8.07
S001160,E0099,2025-03-12,8.0,7.55
S001161,E0076,2025-03-26,8.0,8.45
S001162,E0103,2025-03-14,8.0,8.21
S001163,E0025,2025-03-16,8.0,8.2
S001164,E0094,2025-03-23,8.0,8.58
S001165,E0006,2025-03-10,8.0,8.55
S001166,E0063,2025-03-12,8.0,9.23
S001167,E0048,2025-03-02,8.0,9.03
S001168,E0018,2025-03-11,8.0,7.1
S001169,E0011,2025-03-19,8.0,8.66
S001170,E0032,2025-03-21,8.0,7.45
S001171,E0010,2025-03-04,8.0,7.27
S001172,E0114,2025-03-24,8.0,8.55
S001173,E0004,2025-03-14,8.0,7.7
S001174,E0060,2025-03-17,8.0,7.93
S001175,E0019,2025-03-04,8.0,8.77
S001176,E0028,2025-03-09,8.0,7.73
S001177,E0102,2025-03-27,8.0,7.59
S001178,E0105,2025-03-13,8.0,8.32
S001179,E0025,2025-03-15,8.0,8.86
S001180,E0049,2025-03-18,8.0,8.44
S001181,E0002,2025-03-04,8.0,7.19
S001182,E0111,2025-03-09,8.0,7.73
S001183,E0062,2025-03-03,8.0,8.03
S001184,E0101,2025-03-10,8.0,9.28
S001185,E0009,2025-03-16,8.0,8.66
S001186,E0077,2025-03-02,8.0,8.63
S001187,E0007,2025-03-17,8.0,8.84
S001188,E0029,2025-03-13,8.0,7.94
S001189,E0093,2025-03-25,8.0,8.41
S001190,E0050,2025-03-03,8.0,8.42
S001191,E0096,2025-03-02,8.0,7.54
S001192,E0033,2025-03-08,8.0,8.11
S001193,E0101,2025-03-04,8.0,8.46
S001194,E0058,2025-03-20,8.0,7.48
S001195,E0039,2025-03-07,8.0,8.61
S001196,E0056,2025-03-24,8.0,8.58
S001197,E0070,2025-03-23,8.0,8.74
S001198,E0100,2025-03-18,8.0,7.66
S001199,E0049,2025-03-17,8.0,8.19
S001200,E0026,2025-03-01,8.0,8.99
S001201,E0018,2025-03-03,8.0,8.6
S001202,E0013,2025-03-08,8.0,7.65
S001203,E0059,2025-03-28,8.0,8.26
S001204,E0053,2025-03-21,8.0,8.98
S001205,E0085,2025-03-14,8.0,8.08
S001206,E0107,2025-03-27,8.0,8.35
S001207,E0104,2025-03-28,8.0,9.66
S001208,E0108,2025-03-02,8.0,8.1
S001209,E0041,2025-03-06,8.0,8.06
S001210,E0116,2025-03-16,8.0,7.52
S001211,E0065,2025-03-26,8.0,7.73
S001212,E0034,2025-03-15,8.0,9.01
S001213,E0080,2025-03-14,8.0,8.04
S001214,E0013,2025-03-22,8.0,7.41
S001215,E0081,2025-03-06,8.0,7.56
S001216,E0100,2025-03-03,8.0,8.12
S001217,E0114,2025-03-16,8.0,8.58
S001218,E0020,2025-03-04,8.0,7.67
S001219,E0049,2025-03-15,8.0,8.55
S001220,E0119,2025-03-13,8.0,7.83
S001221,E0065,2025-03-02,8.0,8.33
S001222,E0041,2025-03-03,8.0,8.43
S001223,E0107,2025-03-17,8.0,8.48
S001224,E0083,2025-03-16,8.0,7.86
S001225,E0061,2025-03-27,8.0,8.01
S001226,E0059,2025-03-25,8.0,8.42
S001227,E0009,2025-03-09,8.0,7.34
S001228,E0025,2025-03-09,8.0,8.21
S001229,E0083,2025-03-24,8.0,8.42
S001230,E0090,2025-03-06,8.0,8.74
S001231,E0012,2025-03-04,8.0,8.09
S001232,E0038,2025-03-08,8.0,8.0
S001233,E0075,2025-03-16,8.0,8.19
S001234,E0068,2025-03-09,8.0,7.67
S001235,E0014,2025-03-16,8.0,7.98
S001236,E0025,2025-03-18,8.0,8.35
S001237,E0060,2025-03-21,8.0,8.27
S001238,E0106,2025-03-13,8.0,7.48
S001239,E0045,2025-03-06,8.0,7.91
S001240,E0043,2025-03-08,8.0,6.83
S001241,E0024,2025-03-20,8.0,8.58
S001242,E0107,2025-03-22,8.0,7.78
S001243,E0095,2025-03-14,8.0,8.24
S001244,E0060,2025-03-18,8.0,7.44
S001245,E0034,2025-03-26,8.0,8.05
S001246,E0058,2025-03-11,8.0,8.36
S001247,E0019,2025-03-10,8.0,8.68
S001248,E0058,2025-03-15,8.0,7.28
S001249,E0097,2025-03-18,8.0,8.6
S001250,E0038,2025-03-05,8.0,7.99
S001251,E0085,2025-03-03,8.0,7.63
S001252,E0079,2025-03-13,8.0,8.38
S001253,E0033,2025-03-22,8.0,7.92
S001254,E0114,2025-03-20,8.0,7.91
S001255,E0043,2025-03-12,8.0,7.67
S001256,E0026,2025-03-14,8.0,8.22
S001257,E0072,2025-03-21,8.0,8.11
S001258,E0102,2025-03-14,8.0,7.99
S001259,E0067,2025-03-25,8.0,7.52
S001260,E0038,2025-03-03,8.0,7.78
S001261,E0101,2025-03-22,8.0,8.33
S001262,E0033,2025-03-12,8.0,8.86
S001263,E0048,2025-03-11,8.0,8.07
S001264,E0021,2025-03-12,8.0,8.94
S001265,E0012,2025-03-07,8.0,8.08
S001266,E0043,2025-03-19,8.0,7.43
S001267,E0068,2025-03-07,8.0,8.47
S001268,E0105,2025-03-22,8.0,7.51
S001269,E0016,2025-03-22,8.0,8.33
S001270,E0071,2025-03-18,8.0,8.73
S001271,E0118,2025-03-27,8.0,7.9
S001272,E0022,2025-03-27,8.0,8.04
S001273,E0093,2025-03-11,8.0,9.57
S001274,E0011,2025-03-02,8.0,8.23
S001275,E0006,2025-03-23,8.0,8.25
S001276,E0004,2025-03-17,8.0,8.56
S001277,E0076,2025-03-04,8.0,8.03
S001278,E0070,2025-03-12,8.0,8.04
S001279,E0116,2025-03-07,8.0,8.32
S001280,E0015,2025-03-17,8.0,6.65
S001281,E0051,2025-03-17,8.0,8.94
S001282,E0015,2025-03-11,8.0,7.45
S001283,E0036,2025-03-14,8.0,7.44
S001284,E0095,2025-03-05,8.0,8.41
S001285,E0057,2025-03-17,8.0,8.11
S001286,E0045,2025-03-03,8.0,7.34
S001287,E0078,2025-03-05,8.0,8.22
S001288,E0002,2025-03-16,8.0,7.41
S001289,E0119,2025-03-01,8.0,7.67
S001290,E0005,2025-03-28,8.0,7.19
S001291,E0109,2025-03-19,8.0,7.59
S001292,E0009,2025-03-25,8.0,8.33
S001293,E0035,2025-03-09,8.0,8.16
S001294,E0096,2025-03-12,8.0,8.27
S001295,E0095,2025-03-18,8.0,8.64
S001296,E0109,2025-03-08,8.0,8.06
S001297,E0112,2025-03-07,8.0,7.69
S001298,E0090,2025-03-11,8.0,7.92
S001299,E0049,2025-03-08,8.0,9.08
S001300,E0028,2025-03-15,8.0,8.11
S001301,E0092,2025-03-03,8.0,8.28
S001302,E0021,2025-03-02,8.0,8.03
S001303,E0062,2025-03-25,8.0,8.24
S001304,E0086,2025-03-14,8.0,8.35
S001305,E0043,2025-03-24,8.0,8.08
S001306,E0058,2025-03-27,8.0,8.0
S001307,E0019,2025-03-15,8.0,7.62
S001308,E0043,2025-03-26,8.0,7.58
S001309,E0001,2025-03-12,8.0,8.33
S001310,E0109,2025-03-13,8.0,8.54
S001311,E0038,2025-03-22,8.0,8.64
S001312,E0065,2025-03-05,8.0,8.12
S001313,E0002,2025-03-13,8.0,7.6
S001314,E0011,2025-03-04,8.0,8.47
S001315,E0080,2025-03-28,8.0,8.46
S001316,E0052,2025-03-26,8.0,7.19
S001317,E0026,2025-03-09,8.0,8.57
S001318,E0099,2025-03-27,8.0,8.44
S001319,E0062,2025-03-23,8.0,9.09
S001320,E0028,2025-03-04,8.0,7.41
S001321,E0063,2025-03-05,8.0,7.32
S001322,E0008,2025-03-10,8.0,8.56
S001323,E0005,2025-03-08,8.0,7.01
S001324,E0057,2025-03-09,8.0,7.65
S001325,E0119,2025-03-09,8.0,7.44
S001326,E0001,2025-03-27,8.0,7.48
S001327,E0110,2025-03-16,8.0,6.95
S001328,E0030,2025-03-04,8.0,7.95
S001329,E0004,2025-03-02,8.0,8.67
S001330,E0106,2025-03-07,8.0,8.36
S001331,E0067,2025-03-19,8.0,8.36
S001332,E0056,2025-03-13,8.0,7.88
S001333,E0061,2025-03-28,8.0,8.96
S001334,E0003,2025-03-24,8.0,8.41
S001335,E0032,2025-03-08,8.0,8.72
S001336,E0006,2025-03-08,8.0,7.17
S001337,E0116,2025-03-06,8.0,8.3
S001338,E0040,2025-03-02,8.0,7.41
S001339,E0079,2025-03-25,8.0,8.3
S001340,E0051,2025-03-11,8.0,8.21
S001341,E0019,2025-03-24,8.0,7.42
S001342,E0093,2025-03-26,8.0,8.2
S001343,E0075,2025-03-14,8.0,8.79
S001344,E0055,2025-03-27,8.0,8.4
S001345,E0029,2025-03-16,8.0,8.45
S001346,E0021,2025-03-06,8.0,7.58
S001347,E0097,2025-03-24,8.0,7.69
S001348,E0039,2025-03-24,8.0,7.43
S001349,E0012,2025-03-03,8.0,8.18
S001350,E0049,2025-03-11,8.0,8.81
S001351,E0014,2025-03-18,8.0,8.36
S001352,E0100,2025-03-24,8.0,8.1
S001353,E0080,2025-03-24,8.0,7.43
S001354,E0075,2025-03-01,8.0,8.37
S001355,E0107,2025-03-03,8.0,7.96
S001356,E0040,2025-03-11,8.0,6.96
S001357,E0022,2025-03-09,8.0,7.07
S001358,E0039,2025-03-22,8.0,7.9
S001359,E0109,2025-03-04,8.0,7.57
S001360,E0018,2025-03-17,8.0,9.09
S001361,E0021,2025-03-19,8.0,8.12
S001362,E0098,2025-03-02,8.0,7.48
S001363,E0066,2025-03-25,8.0,7.81
S001364,E0055,2025-03-04,8.0,9.05
S001365,E0114,2025-03-22,8.0,7.53
S001366,E0084,2025-03-07,8.0,8.56
S001367,E0091,2025-03-06,8.0,8.36
S001368,E0086,2025-03-20,8.0,8.98
S001369,E0094,2025-03-15,8.0,8.42
S001370,E0072,2025-03-26,8.0,7.86
S001371,E0086,2025-03-22,8.0,8.42
S001372,E0072,2025-03-02,8.0,8.14
S001373,E0084,2025-03-12,8.0,8.68
S001374,E0098,2025-03-07,8.0,8.07
S001375,E0058,2025-03-16,8.0,9.29
S001376,E0063,2025-03-18,8.0,8.04
S001377,E0019,2025-03-17,8.0,8.37
S001378,E0088,2025-03-08,8.0,7.71
S001379,E0082,2025-03-24,8.0,8.18
S001380,E0114,2025-03-23,8.0,8.12
S001381,E0108,2025-03-28,8.0,8.21
S001382,E0071,2025-03-23,8.0,8.64
S001383,E0088,2025-03-03,8.0,7.79
S001384,E0033,2025-03-25,8.0,7.6
S001385,E0119,2025-03-05,8.0,8.77
S001386,E0017,2025-03-03,8.0,7.94
S001387,E0068,2025-03-22,8.0,7.71
S001388,E0075,2025-03-02,8.0,8.8
S001389,E0053,2025-03-22,8.0,8.57
S001390,E0016,2025-03-14,8.0,6.53
S001391,E0015,2025-03-03,8.0,7.88
S001392,E0100,2025-03-02,8.0,8.58
S001393,E0073,2025-03-17,8.0,8.61
S001394,E0086,2025-03-25,8.0,7.8
S001395,E0106,2025-03-18,8.0,9.04
S001396,E0036,2025-03-03,8.0,7.64
S001397,E0103,2025-03-25,8.0,7.97
S001398,E0038,2025-03-25,8.0,8.19
S001399,E0095,2025-03-11,8.0,8.11
S001400,E0101,2025-03-15,8.0,8.59
S001401,E0054,2025-03-18,8.0,8.72
S001402,E0106,2025-03-19,8.0,8.09
S001403,E0008,2025-03-11,8.0,8.95
S001404,E0097,2025-03-19,8.0,7.7
S001405,E0072,2025-03-09,8.0,7.99
S001406,E0043,2025-03-06,8.0,9.14
S001407,E0027,2025-03-21,8.0,8.17
S001408,E0052,2025-03-13,8.0,8.75
S001409,E0034,2025-03-25,8.0,7.86
S001410,E0034,2025-03-04,8.0,7.96
S001411,E0093,2025-03-22,8.0,8.05
S001412,E0071,2025-03-11,8.0,8.22
S001413,E0048,2025-03-07,8.0,7.92
S001414,E0105,2025-03-15,8.0,8.13
S001415,E0104,2025-03-16,8.0,8.52
S001416,E0001,2025-03-21,8.0,8.84
S001417,E0032,2025-03-01,8.0,8.18
S001418,E0106,2025-03-03,8.0,8.51
S001419,E0005,2025-03-10,8.0,8.66
S001420,E0023,2025-03-19,8.0,7.48
S001421,E0008,2025-03-04,8.0,7.18
S001422,E0071,2025-03-08,8.0,9.08
S001423,E0026,2025-03-04,8.0,8.91
S001424,E0105,2025-03-03,8.0,8.15
S001425,E0021,2025-03-20,8.0,8.33
S001426,E0108,2025-03-13,8.0,7.56
S001427,E0027,2025-03-17,8.0,7.29
S001428,E0062,2025-03-14,8.0,8.31
S001429,E0002,2025-03-09,8.0,7.23
S001430,E0011,2025-03-25,8.0,8.67
S001431,E0038,2025-03-14,8.0,7.71
S001432,E0019,2025-03-18,8.0,8.29
S001433,E0001,2025-03-19,8.0,9.27
S001434,E0024,2025-03-21,8.0,9.25
S001435,E0096,2025-03-28,8.0,7.96
S001436,E0071,2025-03-02,8.0,8.76
S001437,E0098,2025-03-22,8.0,7.5
S001438,E0002,2025-03-19,8.0,7.77
S001439,E0042,2025-03-16,8.0,8.34
S001440,E0041,2025-03-26,8.0,8.95
S001441,E0022,2025-03-25,8.0,7.78
S001442,E0061,2025-03-21,8.0,8.44
S001443,E0074,2025-03-10,8.0,8.18
S001444,E0062,2025-03-24,8.0,7.36
S001445,E0018,2025-03-10,8.0,8.04
S001446,E0117,2025-03-06,8.0,9.01
S001447,E0093,2025-03-06,8.0,8.06
S001448,E0085,2025-03-16,8.0,8.42
S001449,E0098,2025-03-06,8.0,8.61
S001450,E0019,2025-03-19,8.0,7.68
S001451,E0057,2025-03-18,8.0,8.85
S001452,E0040,2025-03-03,8.0,9.01
S001453,E0089,2025-03-11,8.0,9.07
S001454,E0098,2025-03-08,8.0,8.9
S001455,E0003,2025-03-23,8.0,7.84
S001456,E0116,2025-03-22,8.0,7.77
S001457,E0043,2025-03-23,8.0,7.65
S001458,E0104,2025-03-21,8.0,7.57
S001459,E0087,2025-03-08,8.0,7.64
S001460,E0053,2025-03-25,8.0,8.71
S001461,E0071,2025-03-13,8.0,8.99
S001462,E0043,2025-03-01,8.0,7.73
S001463,E0112,2025-03-05,8.0,8.6
S001464,E0097,2025-03-15,8.0,7.36
S001465,E0096,2025-03-01,8.0,7.92
S001466,E0086,2025-03-08,8.0,7.52
S001467,E0082,2025-03-05,8.0,7.14
S001468,E0044,2025-03-14,8.0,8.14
S001469,E0019,2025-03-01,8.0,8.16
S001470,E0092,2025-03-17,8.0,7.87
S001471,E0054,2025-03-09,8.0,7.8
S001472,E0056,2025-03-07,8.0,7.52
S001473,E0090,2025-03-07,8.0,8.03
S001474,E0106,2025-03-01,8.0,7.75
S001475,E0061,2025-03-06,8.0,8.25
S001476,E0020,2025-03-11,8.0,7.39
S001477,E0110,2025-03-06,8.0,8.24
S001478,E0115,2025-03-16,8.0,8.41
S001479,E0020,2025-03-06,8.0,8.85
S001480,E0084,2025-03-28,8.0,8.74
S001481,E0104,2025-03-13,8.0,8.22
S001482,E0083,2025-03-02,8.0,7.7
S001483,E0069,2025-03-19,8.0,7.01
S001484,E0027,2025-03-25,8.0,8.1
S001485,E0009,2025-03-20,8.0,8.95
S001486,E0090,2025-03-22,8.0,9.1
S001487,E0061,2025-03-17,8.0,6.58
S001488,E0087,2025-03-03,8.0,7.65
S001489,E0085,2025-03-11,8.0,7.89
S001490,E0090,2025-03-02,8.0,7.48
S001491,E0101,2025-03-17,8.0,8.22
S001492,E0057,2025-03-21,8.0,8.13
S001493,E0099,2025-03-09,8.0,7.79
S001494,E0109,2025-03-09,8.0,8.08
S001495,E0011,2025-03-09,8.0,7.15
S001496,E0032,2025-03-26,8.0,7.52
S001497,E0078,2025-03-16,8.0,7.57
S001498,E0098,2025-03-09,8.0,8.64
S001499,E0117,2025-03-16,8.0,7.13
S001500,E0080,2025-03-15,8.0,7.98
S001501,E0099,2025-03-13,8.0,8.57
S001502,E0001,2025-03-03,8.0,8.07
S001503,E0083,2025-03-22,8.0,8.59
S001504,E0021,2025-03-08,8.0,7.71
S001505,E0039,2025-03-04,8.0,8.36
S001506,E0015,2025-03-08,8.0,8.65
S001507,E0007,2025-03-13,8.0,9.44
S001508,E0006,2025-03-07,8.0,8.54
S001509,E0023,2025-03-14,8.0,8.96
S001510,E0028,2025-03-05,8.0,8.11
S001511,E0015,2025-03-10,8.0,8.16
S001512,E0015,2025-03-22,8.0,9.05
S001513,E0040,2025-03-13,8.0,8.46
S001514,E0031,2025-03-20,8.0,8.96
S001515,E0022,2025-03-19,8.0,8.53
S001516,E0102,2025-03-28,8.0,9.38
S001517,E0078,2025-03-02,8.0,9.54
S001518,E0007,2025-03-05,8.0,7.61
S001519,E0024,2025-03-24,8.0,9.22
S001520,E0082,2025-03-17,8.0,8.37
S001521,E0009,2025-03-04,8.0,8.4
S001522,E0101,2025-03-05,8.0,8.04
S001523,E0017,2025-03-28,8.0,8.54
S001524,E0085,2025-03-28,8.0,7.44
S001525,E0018,2025-03-12,8.0,7.68
S001526,E0091,2025-03-08,8.0,7.65
S001527,E0023,2025-03-27,8.0,8.29
S001528,E0045,2025-03-20,8.0,8.67
S001529,E0021,2025-03-16,8.0,8.56
S001530,E0112,2025-03-17,8.0,8.34
S001531,E0084,2025-03-17,8.0,7.76
S001532,E0050,2025-03-18,8.0,7.06
S001533,E0118,2025-03-13,8.0,8.36
S001534,E0036,2025-03-25,8.0,8.2
S001535,E0008,2025-03-08,8.0,8.33
S001536,E0015,2025-03-20,8.0,8.97
S001537,E0010,2025-03-07,8.0,8.01
S001538,E0112,2025-03-28,8.0,8.0
S001539,E0072,2025-03-25,8.0,6.73
S001540,E0055,2025-03-12,8.0,8.45
S001541,E0068,2025-03-19,8.0,8.09
S001542,E0081,2025-03-07,8.0,7.67
S001543,E0029,2025-03-08,8.0,8.35
S001544,E0019,2025-03-27,8.0,7.49
S001545,E0082,2025-03-27,8.0,7.79
S001546,E0110,2025-03-15,8.0,9.3
S001547,E0097,2025-03-25,8.0,8.57
S001548,E0105,2025-03-05,8.0,8.67
S001549,E0107,2025-03-23,8.0,8.57
S001550,E0035,2025-03-14,8.0,8.5
S001551,E0119,2025-03-10,8.0,8.23
S001552,E0030,2025-03-22,8.0,9.49
S001553,E0050,2025-03-24,8.0,8.07
S001554,E0119,2025-03-08,8.0,8.56
S001555,E0052,2025-03-06,8.0,7.98
S001556,E0070,2025-03-25,8.0,7.9
S001557,E0020,2025-03-19,8.0,6.65
S001558,E0091,2025-03-25,8.0,6.96
S001559,E0070,2025-03-17,8.0,9.04
S001560,E0107,2025-03-19,8.0,9.01
S001561,E0108,2025-03-18,8.0,7.85
S001562,E0099,2025-03-03,8.0,8.09
S001563,E0029,2025-03-20,8.0,8.48
S001564,E0058,2025-03-03,8.0,7.52
S001565,E0041,2025-03-25,8.0,9.17
S001566,E0081,2025-03-03,8.0,7.49
S001567,E0115,2025-03-22,8.0,7.68
S001568,E0014,2025-03-24,8.0,6.45
S001569,E0116,2025-03-17,8.0,9.02
S001570,E0067,2025-03-18,8.0,8.14
S001571,E0120,2025-03-15,8.0,9.08
S001572,E0108,2025-03-22,8.0,7.51
S001573,E0113,2025-03-28,8.0,8.31
S001574,E0066,2025-03-09,8.0,8.15
S001575,E0086,2025-03-05,8.0,8.23
S001576,E0063,2025-03-19,8.0,9.35
S001577,E0072,2025-03-03,8.0,9.47
S001578,E0112,2025-03-25,8.0,8.94
S001579,E0106,2025-03-10,8.0,7.87
S001580,E0109,2025-03-12,8.0,8.64
S001581,E0097,2025-03-03,8.0,8.92
S001582,E0085,2025-03-13,8.0,8.44
S001583,E0061,2025-03-01,8.0,8.45
S001584,E0068,2025-03-04,8.0,8.4
S001585,E0026,2025-03-03,8.0,7.57
S001586,E0092,2025-03-15,8.0,8.25
S001587,E0106,2025-03-28,8.0,9.07
S001588,E0047,2025-03-09,8.0,7.51
S001589,E0052,2025-03-08,8.0,8.16
S001590,E0028,2025-03-24,8.0,8.61
S001591,E0050,2025-03-19,8.0,7.29
S001592,E0025,2025-03-04,8.0,8.02
S001593,E0016,2025-03-02,8.0,7.09
S001594,E0075,2025-03-17,8.0,7.74
S001595,E0080,2025-03-22,8.0,7.26
S001596,E0019,2025-03-16,8.0,7.57
S001597,E0101,2025-03-08,8.0,7.81
S001598,E0054,2025-03-04,8.0,7.94
S001599,E0081,2025-03-18,8.0,7.98
S001600,E0022,2025-03-23,8.0,6.66
S001601,E0047,2025-03-27,8.0,9.06
S001602,E0002,2025-03-10,8.0,7.94
S001603,E0017,2025-03-27,8.0,7.44
S001604,E0020,2025-03-28,8.0,7.72
S001605,E0036,2025-03-22,8.0,8.29
S001606,E0059,2025-03-16,8.0,7.5
S001607,E0033,2025-03-09,8.0,7.85
S001608,E0061,2025-03-19,8.0,7.82
S001609,E0057,2025-03-12,8.0,8.42
S001610,E0023,2025-03-18,8.0,7.65
S001611,E0006,2025-03-05,8.0,8.37
S001612,E0086,2025-03-21,8.0,8.31
S001613,E0114,2025-03-26,8.0,8.01
S001614,E0096,2025-03-24,8.0,8.84
S001615,E0101,2025-03-02,8.0,8.11
S001616,E0014,2025-03-19,8.0,7.39
S001617,E0039,2025-03-10,8.0,8.28
S001618,E0120,2025-03-13,8.0,8.17
S001619,E0059,2025-03-08,8.0,8.08
S001620,E0117,2025-03-24,8.0,8.24
S001621,E0041,2025-03-20,8.0,9.51
S001622,E0089,2025-03-01,8.0,8.24
S001623,E0050,2025-03-23,8.0,8.37
S001624,E0113,2025-03-12,8.0,7.95
S001625,E0097,2025-03-09,8.0,8.89
S001626,E0091,2025-03-13,8.0,8.07
S001627,E0042,2025-03-03,8.0,7.62
S001628,E0053,2025-03-02,8.0,7.37
S001629,E0051,2025-03-25,8.0,8.42
S001630,E0028,2025-03-14,8.0,8.55
S001631,E0054,2025-03-16,8.0,7.15
S001632,E0011,2025-03-18,8.0,7.67
S001633,E0104,2025-03-12,8.0,8.48
S001634,E0045,2025-03-27,8.0,8.72
S001635,E0064,2025-03-14,8.0,7.31
S001636,E0041,2025-03-14,8.0,7.85
S001637,E0001,2025-03-05,8.0,8.6
S001638,E0099,2025-03-14,8.0,7.78
S001639,E0009,2025-03-26,8.0,7.83
S001640,E0043,2025-03-04,8.0,7.77
S001641,E0041,2025-03-23,8.0,7.32
S001642,E0098,2025-03-18,8.0,8.13
S001643,E0004,2025-03-18,8.0,8.28
S001644,E0016,2025-03-17,8.0,7.26
S001645,E0039,2025-03-28,8.0,8.16
S001646,E0022,2025-03-22,8.0,8.76
S001647,E0098,2025-03-15,8.0,8.22
S001648,E0047,2025-03-22,8.0,8.67
S001649,E0042,2025-03-07,8.0,7.77
S001650,E0027,2025-03-04,8.0,8.92
S001651,E0054,2025-03-05,8.0,7.63
S001652,E0061,2025-03-07,8.0,9.23
S001653,E0027,2025-03-07,8.0,7.83
S001654,E0081,2025-03-17,8.0,7.67
S001655,E0065,2025-03-17,8.0,7.56
S001656,E0105,2025-03-14,8.0,7.85
S001657,E0017,2025-03-20,8.0,7.8
S001658,E0063,2025-03-17,8.0,7.68
S001659,E0112,2025-03-16,8.0,7.9
S001660,E0079,2025-03-22,8.0,8.5
S001661,E0037,2025-03-08,8.0,8.63
S001662,E0085,2025-03-23,8.0,7.9
S001663,E0039,2025-03-16,8.0,8.84
S001664,E0024,2025-03-13,8.0,7.5
S001665,E0113,2025-03-02,8.0,7.48
S001666,E0040,2025-03-19,8.0,7.42
S001667,E0083,2025-03-15,8.0,8.46
S001668,E0063,2025-03-08,8.0,7.17
S001669,E0112,2025-03-27,8.0,7.26
S001670,E0024,2025-03-27,8.0,8.87
S001671,E0080,2025-03-17,8.0,9.13
S001672,E0044,2025-03-18,8.0,8.9
S001673,E0105,2025-03-27,8.0,7.2
S001674,E0040,2025-03-07,8.0,8.1
S001675,E0076,2025-03-17,8.0,8.6
S001676,E0028,2025-03-01,8.0,8.15
S001677,E0107,2025-03-09,8.0,7.13
S001678,E0054,2025-03-10,8.0,7.89
S001679,E0026,2025-03-02,8.0,7.08
S001680,E0011,2025-03-05,8.0,7.36
S001681,E0005,2025-03-04,8.0,9.39
S001682,E0002,2025-03-15,8.0,8.5
S001683,E0112,2025-03-20,8.0,7.21
S001684,E0023,2025-03-20,8.0,7.19
S001685,E0078,2025-03-26,8.0,8.37
S001686,E0067,2025-03-05,8.0,7.73
S001687,E0010,2025-03-14,8.0,8.44
S001688,E0101,2025-03-20,8.0,7.71
S001689,E0007,2025-03-26,8.0,7.97
S001690,E0085,2025-03-19,8.0,8.24
S001691,E0098,2025-03-12,8.0,7.47
S001692,E0028,2025-03-27,8.0,6.94
S001693,E0115,2025-03-26,8.0,7.38
S001694,E0041,2025-03-07,8.0,7.67
S001695,E0066,2025-03-02,8.0,7.97
S001696,E0095,2025-03-20,8.0,8.06
S001697,E0027,2025-03-06,8.0,8.05
S001698,E0120,2025-03-01,8.0,8.4
S001699,E0026,2025-03-12,8.0,7.56
S001700,E0034,2025-03-23,8.0,8.93
S001701,E0027,2025-03-08,8.0,9.29
S001702,E0029,2025-03-28,8.0,8.31
S001703,E0023,2025-03-12,8.0,8.2
S001704,E0095,2025-03-06,8.0,8.84
S001705,E0065,2025-03-11,8.0,8.48
S001706,E0095,2025-03-26,8.0,8.2
S001707,E0064,2025-03-08,8.0,7.99
S001708,E0005,2025-03-11,8.0,7.65
S001709,E0093,2025-03-15,8.0,7.39
S001710,E0029,2025-03-27,8.0,8.49
S001711,E0090,2025-03-25,8.0,8.8
S001712,E0089,2025-03-16,8.0,7.46
S001713,E0099,2025-03-02,8.0,8.05
S001714,E0051,2025-03-06,8.0,8.22
S001715,E0060,2025-03-23,8.0,7.84
S001716,E0080,2025-03-27,8.0,7.63
S001717,E0073,2025-03-21,8.0,7.85
S001718,E0084,2025-03-21,8.0,6.91
S001719,E0054,2025-03-08,8.0,8.05
S001720,E0061,2025-03-14,8.0,7.91
S001721,E0090,2025-03-05,8.0,9.36
S001722,E0004,2025-03-22,8.0,8.65
S001723,E0052,2025-03-12,8.0,7.88
S001724,E0007,2025-03-14,8.0,8.09
S001725,E0103,2025-03-15,8.0,9.12
S001726,E0032,2025-03-07,8.0,9.05
S001727,E0045,2025-03-24,8.0,8.2
S001728,E0120,2025-03-26,8.0,8.01
S001729,E0046,2025-03-23,8.0,7.22
S001730,E0050,2025-03-06,8.0,7.89
S001731,E0031,2025-03-27,8.0,7.99
S001732,E0069,2025-03-11,8.0,7.65
S001733,E0113,2025-03-19,8.0,9.13
S001734,E0094,2025-03-01,8.0,6.96
S001735,E0033,2025-03-11,8.0,8.01
S001736,E0109,2025-03-06,8.0,8.33
S001737,E0120,2025-03-18,8.0,8.35
S001738,E0025,2025-03-08,8.0,9.1
S001739,E0079,2025-03-10,8.0,7.25
S001740,E0095,2025-03-28,8.0,7.64
S001741,E0042,2025-03-06,8.0,8.15
S001742,E0035,2025-03-08,8.0,8.17
S001743,E0109,2025-03-10,8.0,7.86
S001744,E0110,2025-03-21,8.0,7.63
S001745,E0103,2025-03-19,8.0,8.73
S001746,E0114,2025-03-18,8.0,7.46
S001747,E0087,2025-03-27,8.0,7.74
S001748,E0114,2025-03-28,8.0,8.95
S001749,E0068,2025-03-16,8.0,9.13
S001750,E0035,2025-03-12,8.0,8.61
S001751,E0055,2025-03-10,8.0,7.57
S001752,E0051,2025-03-28,8.0,7.58
S001753,E0091,2025-03-11,8.0,7.55
S001754,E0010,2025-03-20,8.0,7.41
S001755,E0004,2025-03-16,8.0,7.84
S001756,E0007,2025-03-02,8.0,8.85
S001757,E0119,2025-03-16,8.0,8.22
S001758,E0105,2025-03-25,8.0,7.64
S001759,E0057,2025-03-01,8.0,7.62
S001760,E0062,2025-03-26,8.0,7.38
S001761,E0038,2025-03-18,8.0,8.81
S001762,E0048,2025-03-12,8.0,6.88
S001763,E0060,2025-03-14,8.0,8.25
S001764,E0057,2025-03-15,8.0,7.22
S001765,E0024,2025-03-25,8.0,7.45
S001766,E0019,2025-03-06,8.0,7.19
S001767,E0094,2025-03-16,8.0,8.66
S001768,E0009,2025-03-24,8.0,8.04
S001769,E0027,2025-03-18,8.0,9.73
S001770,E0025,2025-03-28,8.0,7.46
S001771,E0064,2025-03-01,8.0,7.43
S001772,E0016,2025-03-08,8.0,8.44
S001773,E0118,2025-03-02,8.0,8.42
S001774,E0070,2025-03-11,8.0,7.91
S001775,E0054,2025-03-24,8.0,6.87
S001776,E0006,2025-03-14,8.0,8.95
S001777,E0118,2025-03-03,8.0,8.42
S001778,E0076,2025-03-07,8.0,8.32
S001779,E0013,2025-03-24,8.0,7.72
S001780,E0001,2025-03-11,8.0,8.46
S001781,E0110,2025-03-10,8.0,7.74
S001782,E0030,2025-03-14,8.0,8.1
S001783,E0049,2025-03-20,8.0,7.96
S001784,E0029,2025-03-24,8.0,8.83
S001785,E0035,2025-03-25,8.0,7.79
S001786,E0076,2025-03-14,8.0,7.87
S001787,E0013,2025-03-05,8.0,8.74
S001788,E0033,2025-03-26,8.0,8.21
S001789,E0030,2025-03-18,8.0,8.06
S001790,E0086,2025-03-07,8.0,7.93
S001791,E0054,2025-03-17,8.0,8.64
S001792,E0053,2025-03-20,8.0,7.68
S001793,E0084,2025-03-09,8.0,8.35
S001794,E0057,2025-03-05,8.0,9.29
S001795,E0078,2025-03-20,8.0,8.31
S001796,E0035,2025-03-11,8.0,7.6
S001797,E0045,2025-03-26,8.0,7.35
S001798,E0059,2025-03-13,8.0,8.15
S001799,E0031,2025-03-04,8.0,7.33
S001800,E0094,2025-03-24,8.0,7.11
S001801,E0016,2025-03-01,8.0,7.61
S001802,E0062,2025-03-04,8.0,7.41
S001803,E0018,2025-03-23,8.0,8.59
S001804,E0015,2025-03-25,8.0,7.19
S001805,E0023,2025-03-05,8.0,9.01
S001806,E0086,2025-03-26,8.0,7.61
S001807,E0077,2025-03-07,8.0,8.13
S001808,E0073,2025-03-24,8.0,8.46
S001809,E0013,2025-03-25,8.0,8.19
S001810,E0055,2025-03-20,8.0,8.49
S001811,E0037,2025-03-06,8.0,7.47
S001812,E0031,2025-03-07,8.0,6.7
S001813,E0068,2025-03-10,8.0,7.94
S001814,E0097,2025-03-05,8.0,7.05
S001815,E0104,2025-03-19,8.0,7.71
S001816,E0094,2025-03-12,8.0,8.62
S001817,E0017,2025-03-21,8.0,7.94
S001818,E0114,2025-03-06,8.0,7.7
S001819,E0055,2025-03-18,8.0,7.38
S001820,E0069,2025-03-01,8.0,7.88
S001821,E0005,2025-03-26,8.0,7.95
S001822,E0083,2025-03-21,8.0,7.1
S001823,E0053,2025-03-10,8.0,8.23
S001824,E0091,2025-03-17,8.0,7.41
S001825,E0031,2025-03-01,8.0,8.18
S001826,E0054,2025-03-07,8.0,7.78
S001827,E0089,2025-03-10,8.0,8.65
S001828,E0040,2025-03-25,8.0,8.57
S001829,E0057,2025-03-26,8.0,8.06
S001830,E0039,2025-03-11,8.0,7.99
S001831,E0103,2025-03-12,8.0,8.32
S001832,E0120,2025-03-20,8.0,8.88
S001833,E0025,2025-03-20,8.0,8.69
S001834,E0094,2025-03-13,8.0,8.15
S001835,E0047,2025-03-03,8.0,8.25
S001836,E0103,2025-03-02,8.0,9.01
S001837,E0009,2025-03-01,8.0,7.08
S001838,E0058,2025-03-21,8.0,8.39
S001839,E0058,2025-03-07,8.0,7.53
S001840,E0107,2025-03-07,8.0,8.88
S001841,E0095,2025-03-23,8.0,7.77
S001842,E0094,2025-03-03,8.0,8.01
S001843,E0090,2025-03-23,8.0,7.42
S001844,E0057,2025-03-06,8.0,8.09
S001845,E0053,2025-03-03,8.0,8.55
S001846,E0036,2025-03-16,8.0,9.08
S001847,E0105,2025-03-04,8.0,7.32
S001848,E0072,2025-03-11,8.0,7.82
S001849,E0092,2025-03-16,8.0,10.43
S001850,E0087,2025-03-06,8.0,8.65
S001851,E0113,2025-03-18,8.0,8.08
S001852,E0003,2025-03-25,8.0,8.4
S001853,E0042,2025-03-28,8.0,6.49
S001854,E0002,2025-03-06,8.0,9.06
S001855,E0049,2025-03-12,8.0,8.19
S001856,E0038,2025-03-28,8.0,7.23
S001857,E0109,2025-03-16,8.0,8.8
S001858,E0045,2025-03-09,8.0,7.72
S001859,E0060,2025-03-05,8.0,7.48
S001860,E0070,2025-03-21,8.0,8.41
S001861,E0072,2025-03-12,8.0,8.34
S001862,E0036,2025-03-20,8.0,7.82
S001863,E0117,2025-03-04,8.0,8.05
S001864,E0082,2025-03-20,8.0,7.29
S001865,E0062,2025-03-06,8.0,7.23
S001866,E0029,2025-03-21,8.0,8.64
S001867,E0005,2025-03-23,8.0,8.89
S001868,E0012,2025-03-17,8.0,8.36
S001869,E0105,2025-03-18,8.0,8.32
S001870,E0071,2025-03-07,8.0,7.86
S001871,E0032,2025-03-12,8.0,8.02
S001872,E0062,2025-03-21,8.0,7.54
S001873,E0033,2025-03-18,8.0,9.15
S001874,E0040,2025-03-21,8.0,7.76
S001875,E0104,2025-03-07,8.0,8.35
S001876,E0051,2025-03-08,8.0,8.1
S001877,E0059,2025-03-04,8.0,7.26
S001878,E0032,2025-03-14,8.0,9.26
S001879,E0052,2025-03-25,8.0,7.87
S001880,E0089,2025-03-19,8.0,7.64
S001881,E0056,2025-03-04,8.0,8.17
S001882,E0083,2025-03-05,8.0,7.56
S001883,E0071,2025-03-20,8.0,8.12
S001884,E0073,2025-03-25,8.0,7.52
S001885,E0097,2025-03-11,8.0,8.44
S001886,E0049,2025-03-02,8.0,8.13
S001887,E0031,2025-03-24,8.0,7.28
S001888,E0001,2025-03-24,8.0,8.72
S001889,E0006,2025-03-09,8.0,8.22
S001890,E0073,2025-03-22,8.0,7.44
S001891,E0079,2025-03-17,8.0,8.32
S001892,E0114,2025-03-14,8.0,8.36
S001893,E0119,2025-03-20,8.0,9.22
S001894,E0051,2025-03-16,8.0,7.58
S001895,E0100,2025-03-17,8.0,8.62
S001896,E0059,2025-03-22,8.0,8.05
S001897,E0034,2025-03-07,8.0,8.47
S001898,E0086,2025-03-12,8.0,7.95
S001899,E0010,2025-03-28,8.0,8.07
S001900,E0105,2025-03-01,8.0,8.4
S001901,E0003,2025-03-21,8.0,7.39
S001902,E0049,2025-03-14,8.0,6.84
S001903,E0106,2025-03-20,8.0,8.1
S001904,E0077,2025-03-28,8.0,7.84
S001905,E0106,2025-03-14,8.0,8.16
S001906,E0084,2025-03-26,8.0,8.49
S001907,E0107,2025-03-06,8.0,7.98
S001908,E0039,2025-03-03,8.0,8.83
S001909,E0115,2025-03-12,8.0,8.09
S001910,E0020,2025-03-15,8.0,8.18
S001911,E0112,2025-03-10,8.0,8.61
S001912,E0018,2025-03-25,8.0,8.47
S001913,E0077,2025-03-05,8.0,8.06
S001914,E0120,2025-03-19,8.0,8.19
S001915,E0019,2025-03-02,8.0,7.66
S001916,E0110,2025-03-26,8.0,7.75
S001917,E0082,2025-03-12,8.0,8.18
S001918,E0091,2025-03-27,8.0,8.61
S001919,E0087,2025-03-22,8.0,7.86
S001920,E0098,2025-03-05,8.0,8.62
S001921,E0075,2025-03-22,8.0,9.29
S001922,E0035,2025-03-06,8.0,9.41
S001923,E0111,2025-03-03,8.0,8.14
S001924,E0006,2025-03-26,8.0,8.76
S001925,E0052,2025-03-22,8.0,8.49
S001926,E0008,2025-03-06,8.0,8.6
S001927,E0076,2025-03-24,8.0,8.63
S001928,E0009,2025-03-15,8.0,8.44
S001929,E0038,2025-03-15,8.0,8.63
S001930,E0036,2025-03-06,8.0,8.24
S001931,E0020,2025-03-21,8.0,7.97
S001932,E0089,2025-03-14,8.0,8.28
S001933,E0103,2025-03-28,8.0,8.43
S001934,E0098,2025-03-23,8.0,8.87
S001935,E0086,2025-03-28,8.0,8.36
S001936,E0084,2025-03-20,8.0,8.58
S001937,E0065,2025-03-28,8.0,8.99
S001938,E0036,2025-03-10,8.0,7.57
S001939,E0117,2025-03-05,8.0,7.98
S001940,E0059,2025-03-21,8.0,8.46
S001941,E0043,2025-03-20,8.0,8.15
S001942,E0086,2025-03-19,8.0,7.52
S001943,E0046,2025-03-21,8.0,8.73
S001944,E0050,2025-03-28,8.0,8.09
S001945,E0023,2025-03-08,8.0,7.53
S001946,E0002,2025-03-21,8.0,9.27
S001947,E0076,2025-03-21,8.0,7.36
S001948,E0099,2025-03-07,8.0,8.12
S001949,E0098,2025-03-17,8.0,7.73
S001950,E0114,2025-03-03,8.0,8.2
S001951,E0109,2025-03-02,8.0,8.47
S001952,E0114,2025-03-15,8.0,7.64
S001953,E0005,2025-03-03,8.0,8.07
S001954,E0076,2025-03-10,8.0,8.05
S001955,E0050,2025-03-07,8.0,7.53
S001956,E0029,2025-03-07,8.0,8.83
S001957,E0115,2025-03-23,8.0,8.23
S001958,E0068,2025-03-17,8.0,7.95
S001959,E0027,2025-03-13,8.0,7.73
S001960,E0033,2025-03-01,8.0,7.93
S001961,E0040,2025-03-05,8.0,8.21
S001962,E0066,2025-03-07,8.0,7.85
S001963,E0069,2025-03-16,8.0,8.88
S001964,E0093,2025-03-21,8.0,6.6
S001965,E0043,2025-03-18,8.0,6.84
S001966,E0064,2025-03-09,8.0,7.97
S001967,E0008,2025-03-25,8.0,7.02
S001968,E0069,2025-03-25,8.0,8.09
S001969,E0064,2025-03-20,8.0,7.73
S001970,E0019,2025-03-11,8.0,8.48
S001971,E0006,2025-03-11,8.0,8.38
S001972,E0063,2025-03-04,8.0,8.91
S001973,E0052,2025-03-04,8.0,8.68
S001974,E0026,2025-03-16,8.0,8.88
S001975,E0061,2025-03-20,8.0,8.45
S001976,E0053,2025-03-28,8.0,8.77
S001977,E0113,2025-03-16,8.0,8.43
S001978,E0041,2025-03-09,8.0,7.77
S001979,E0108,2025-03-16,8.0,7.38
S001980,E0095,2025-03-10,8.0,7.4
S001981,E0040,2025-03-04,8.0,8.42
S001982,E0035,2025-03-02,8.0,6.69
S001983,E0067,2025-03-13,8.0,8.23
S001984,E0059,2025-03-12,8.0,7.67
S001985,E0031,2025-03-23,8.0,8.57
S001986,E0119,2025-03-25,8.0,8.25
S001987,E0065,2025-03-18,8.0,7.68
S001988,E0097,2025-03-21,8.0,8.14
S001989,E0115,2025-03-09,8.0,6.76
S001990,E0096,2025-03-08,8.0,8.29
S001991,E0061,2025-03-16,8.0,8.41
S001992,E0087,2025-03-18,8.0,7.02
S001993,E0007,2025-03-21,8.0,8.64
S001994,E0056,2025-03-14,8.0,8.06
S001995,E0033,2025-03-28,8.0,8.23
S001996,E0072,2025-03-24,8.0,7.27
S001997,E0117,2025-03-01,8.0,8.49
S001998,E0077,2025-03-04,8.0,8.48
S001999,E0109,2025-03-28,8.0,8.12
S002000,E0038,2025-03-19,8.0,7.54
S002001,E0108,2025-03-27,8.0,8.59
S002002,E0120,2025-03-25,8.0,8.88
S002003,E0060,2025-03-06,8.0,8.37
S002004,E0113,2025-03-13,8.0,8.73
S002005,E0011,2025-03-17,8.0,7.78
S002006,E0010,2025-03-17,8.0,8.23
S002007,E0012,2025-03-01,8.0,8.36
S002008,E0082,2025-03-13,8.0,8.22
S002009,E0080,2025-03-03,8.0,9.83
S002010,E0116,2025-03-26,8.0,8.39
S002011,E0076,2025-03-06,8.0,7.8
S002012,E0045,2025-03-11,8.0,8.64
S002013,E0059,2025-03-24,8.0,7.49
S002014,E0081,2025-03-24,8.0,8.37
S002015,E0116,2025-03-03,8.0,8.61
S002016,E0039,2025-03-27,8.0,7.85
S002017,E0030,2025-03-10,8.0,7.96
S002018,E0117,2025-03-13,8.0,7.59
S002019,E0004,2025-03-24,8.0,8.23
S002020,E0099,2025-03-26,8.0,7.75
S002021,E0119,2025-03-03,8.0,9.2
S002022,E0065,2025-03-16,8.0,8.54
S002023,E0070,2025-03-06,8.0,8.02
S002024,E0051,2025-03-14,8.0,7.31
S002025,E0045,2025-03-25,8.0,9.38
S002026,E0092,2025-03-10,8.0,8.94
S002027,E0064,2025-03-12,8.0,8.44
S002028,E0049,2025-03-21,8.0,8.28
S002029,E0006,2025-03-24,8.0,8.26
S002030,E0017,2025-03-10,8.0,7.88
S002031,E0046,2025-03-16,8.0,9.29
S002032,E0028,2025-03-03,8.0,8.29
S002033,E0026,2025-03-07,8.0,7.3
S002034,E0110,2025-03-19,8.0,7.77
S002035,E0106,2025-03-02,8.0,6.61
S002036,E0047,2025-03-07,8.0,8.56
S002037,E0004,2025-03-09,8.0,8.62
S002038,E0030,2025-03-05,8.0,9.23
S002039,E0099,2025-03-22,8.0,9.42
S002040,E0115,2025-03-21,8.0,7.69
S002041,E0031,2025-03-16,8.0,8.43
S002042,E0032,2025-03-02,8.0,8.76
S002043,E0037,2025-03-18,8.0,8.64
S002044,E0006,2025-03-03,8.0,7.86
S002045,E0083,2025-03-01,8.0,8.64
S002046,E0053,2025-03-27,8.0,8.46
S002047,E0111,2025-03-24,8.0,8.98
S002048,E0053,2025-03-18,8.0,8.14
S002049,E0094,2025-03-11,8.0,8.01
S002050,E0031,2025-03-22,8.0,7.85
S002051,E0023,2025-03-01,8.0,7.93
S002052,E0109,2025-03-18,8.0,7.7
S002053,E0080,2025-03-04,8.0,7.95
S002054,E0021,2025-03-11,8.0,8.46
S002055,E0034,2025-03-08,8.0,8.43
S002056,E0012,2025-03-20,8.0,8.95
S002057,E0065,2025-03-23,8.0,8.81
S002058,E0117,2025-03-26,8.0,8.53
S002059,E0051,2025-03-02,8.0,7.46
S002060,E0086,2025-03-18,8.0,8.49
S002061,E0057,2025-03-11,8.0,8.85
S002062,E0034,2025-03-02,8.0,7.36
S002063,E0034,2025-03-28,8.0,7.48
S002064,E0082,2025-03-16,8.0,7.57
S002065,E0029,2025-03-04,8.0,7.52
S002066,E0031,2025-03-15,8.0,7.97
S002067,E0077,2025-03-06,8.0,7.58
S002068,E0112,2025-03-06,8.0,8.37
S002069,E0107,2025-03-11,8.0,7.41
S002070,E0097,2025-03-10,8.0,8.06
S002071,E0066,2025-03-13,8.0,7.84
S002072,E0106,2025-03-22,8.0,7.55
S002073,E0041,2025-03-05,8.0,8.76
S002074,E0084,2025-03-05,8.0,8.15
S002075,E0037,2025-03-23,8.0,8.46
S002076,E0048,2025-03-03,8.0,7.93
S002077,E0003,2025-03-01,8.0,8.56
S002078,E0031,2025-03-05,8.0,8.5
S002079,E0120,2025-03-24,8.0,8.04
S002080,E0028,2025-03-16,8.0,7.07
S002081,E0049,2025-03-10,8.0,8.63
S002082,E0103,2025-03-17,8.0,8.55
S002083,E0107,2025-03-15,8.0,8.24
S002084,E0065,2025-03-20,8.0,8.28
S002085,E0013,2025-03-03,8.0,8.21
S002086,E0052,2025-03-01,8.0,8.25
S002087,E0093,2025-03-12,8.0,7.53
S002088,E0012,2025-03-08,8.0,8.1
S002089,E0008,2025-03-12,8.0,8.33
S002090,E0052,2025-03-15,8.0,7.77
S002091,E0116,2025-03-27,8.0,7.55
S002092,E0050,2025-03-10,8.0,9.25
S002093,E0037,2025-03-27,8.0,8.5
S002094,E0085,2025-03-09,8.0,7.95
S002095,E0033,2025-03-10,8.0,7.84
S002096,E0007,2025-03-11,8.0,6.55
S002097,E0036,2025-03-27,8.0,7.28
S002098,E0022,2025-03-21,8.0,7.99
S002099,E0001,2025-03-02,8.0,8.91
S002100,E0090,2025-03-03,8.0,6.9
S002101,E0059,2025-03-17,8.0,7.71
S002102,E0076,2025-03-13,8.0,9.28
S002103,E0051,2025-03-23,8.0,8.54
S002104,E0024,2025-03-05,8.0,8.38
S002105,E0036,2025-03-23,8.0,8.85
S002106,E0079,2025-03-18,8.0,8.06
S002107,E0007,2025-03-20,8.0,8.03
S002108,E0114,2025-03-10,8.0,8.56
S002109,E0047,2025-03-23,8.0,8.65
S002110,E0058,2025-03-17,8.0,7.5
S002111,E0028,2025-03-19,8.0,9.05
S002112,E0046,2025-03-13,8.0,7.09
S002113,E0094,2025-03-02,8.0,7.72
S002114,E0062,2025-03-09,8.0,9.98
S002115,E0089,2025-03-20,8.0,7.83
S002116,E0045,2025-03-18,8.0,8.53
S002117,E0013,2025-03-17,8.0,7.54
S002118,E0021,2025-03-05,8.0,7.94
S002119,E0014,2025-03-23,8.0,7.7
S002120,E0077,2025-03-22,8.0,7.9
S002121,E0073,2025-03-12,8.0,8.53
S002122,E0055,2025-03-02,8.0,9.19
S002123,E0090,2025-03-28,8.0,8.66
S002124,E0080,2025-03-19,8.0,9.07
S002125,E0060,2025-03-07,8.0,7.83
S002126,E0025,2025-03-07,8.0,9.02
S002127,E0003,2025-03-19,8.0,8.48
S002128,E0022,2025-03-11,8.0,8.96
S002129,E0062,2025-03-18,8.0,7.89
S002130,E0012,2025-03-09,8.0,8.0
S002131,E0034,2025-03-14,8.0,8.96
S002132,E0053,2025-03-13,8.0,8.5
S002133,E0052,2025-03-27,8.0,8.2
S002134,E0041,2025-03-28,8.0,7.72
S002135,E0047,2025-03-19,8.0,8.07
S002136,E0083,2025-03-19,8.0,8.42
S002137,E0091,2025-03-23,8.0,8.57
S002138,E0066,2025-03-26,8.0,7.8
S002139,E0046,2025-03-08,8.0,7.93
S002140,E0046,2025-03-26,8.0,8.39
S002141,E0053,2025-03-17,8.0,7.46
S002142,E0103,2025-03-23,8.0,8.69
S002143,E0011,2025-03-07,8.0,8.12
S002144,E0035,2025-03-04,8.0,8.04
S002145,E0006,2025-03-13,8.0,6.67
S002146,E0087,2025-03-11,8.0,7.16
S002147,E0028,2025-03-06,8.0,7.49
S002148,E0018,2025-03-02,8.0,7.76
S002149,E0036,2025-03-05,8.0,7.45
S002150,E0010,2025-03-11,8.0,8.33
S002151,E0016,2025-03-10,8.0,8.18
S002152,E0072,2025-03-27,8.0,7.94
S002153,E0119,2025-03-06,8.0,6.88
S002154,E0112,2025-03-26,8.0,8.94
S002155,E0001,2025-03-20,8.0,7.93
S002156,E0029,2025-03-23,8.0,8.45
S002157,E0054,2025-03-26,8.0,7.7
S002158,E0073,2025-03-20,8.0,8.1
S002159,E0013,2025-03-07,8.0,8.52
S002160,E0013,2025-03-18,8.0,8.24
S002161,E0001,2025-03-16,8.0,8.68
S002162,E0108,2025-03-24,8.0,7.99
S002163,E0095,2025-03-27,8.0,9.29
S002164,E0031,2025-03-03,8.0,6.96
S002165,E0087,2025-03-19,8.0,7.77
S002166,E0120,2025-03-06,8.0,8.68
S002167,E0002,2025-03-24,8.0,7.95
S002168,E0083,2025-03-03,8.0,7.83
S002169,E0054,2025-03-14,8.0,7.03
S002170,E0030,2025-03-20,8.0,8.81
S002171,E0048,2025-03-08,8.0,6.96
S002172,E0088,2025-03-20,8.0,8.4
S002173,E0067,2025-03-08,8.0,8.21
S002174,E0075,2025-03-19,8.0,8.62
S002175,E0111,2025-03-28,8.0,8.97
S002176,E0069,2025-03-02,8.0,7.67
S002177,E0110,2025-03-11,8.0,7.61
S002178,E0050,2025-03-12,8.0,7.9
S002179,E0073,2025-03-16,8.0,7.06
S002180,E0101,2025-03-12,8.0,8.58
S002181,E0016,2025-03-11,8.0,7.85
S002182,E0003,2025-03-20,8.0,8.18
S002183,E0023,2025-03-23,8.0,7.41
S002184,E0081,2025-03-08,8.0,8.09
S002185,E0075,2025-03-24,8.0,7.71
S002186,E0006,2025-03-16,8.0,8.04
S002187,E0104,2025-03-05,8.0,7.43
S002188,E0067,2025-03-20,8.0,8.7
S002189,E0073,2025-03-27,8.0,7.69
S002190,E0025,2025-03-23,8.0,6.55
S002191,E0030,2025-03-02,8.0,8.47
S002192,E0078,2025-03-12,8.0,7.9
S002193,E0120,2025-03-14,8.0,7.55
S002194,E0108,2025-03-08,8.0,9.58
S002195,E0006,2025-03-19,8.0,8.05
S002196,E0027,2025-03-19,8.0,7.27
S002197,E0007,2025-03-22,8.0,7.71
S002198,E0099,2025-03-15,8.0,8.3
S002199,E0035,2025-03-05,8.0,7.94
S002200,E0076,2025-03-02,8.0,8.82
S002201,E0112,2025-03-11,8.0,8.71
S002202,E0096,2025-03-10,8.0,7.6
S002203,E0099,2025-03-28,8.0,8.1
S002204,E0044,2025-03-22,8.0,8.46
S002205,E0102,2025-03-01,8.0,7.83
S002206,E0082,2025-03-25,8.0,7.8
S002207,E0086,2025-03-27,8.0,8.6
S002208,E0003,2025-03-09,8.0,8.35
S002209,E0065,2025-03-10,8.0,7.23
S002210,E0088,2025-03-27,8.0,7.75
S002211,E0019,2025-03-20,8.0,7.83
S002212,E0035,2025-03-03,8.0,8.0
S002213,E0095,2025-03-07,8.0,7.64
S002214,E0044,2025-03-11,8.0,8.88
S002215,E0051,2025-03-19,8.0,7.49
S002216,E0050,2025-03-13,8.0,7.42
S002217,E0090,2025-03-27,8.0,8.2
S002218,E0090,2025-03-14,8.0,6.72
S002219,E0032,2025-03-19,8.0,7.46
S002220,E0030,2025-03-28,8.0,8.45
S002221,E0045,2025-03-07,8.0,7.28
S002222,E0096,2025-03-11,8.0,7.57
S002223,E0021,2025-03-28,8.0,8.73
S002224,E0003,2025-03-08,8.0,8.35
S002225,E0041,2025-03-02,8.0,8.11
S002226,E0047,2025-03-20,8.0,8.22
S002227,E0025,2025-03-06,8.0,7.67
S002228,E0037,2025-03-14,8.0,8.26
S002229,E0048,2025-03-05,8.0,7.96
S002230,E0091,2025-03-21,8.0,9.58
S002231,E0077,2025-03-16,8.0,8.4
S002232,E0016,2025-03-23,8.0,7.88
S002233,E0056,2025-03-15,8.0,8.05
S002234,E0073,2025-03-05,8.0,8.11
S002235,E0079,2025-03-28,8.0,7.25
S002236,E0092,2025-03-27,8.0,7.59
S002237,E0051,2025-03-22,8.0,9.0
S002238,E0063,2025-03-25,8.0,7.24
S002239,E0044,2025-03-16,8.0,7.74
S002240,E0039,2025-03-08,8.0,8.7
S002241,E0089,2025-03-03,8.0,8.99
S002242,E0005,2025-03-21,8.0,7.47
S002243,E0112,2025-03-23,8.0,8.96
S002244,E0058,2025-03-13,8.0,7.87
S002245,E0006,2025-03-04,8.0,9.08
S002246,E0114,2025-03-25,8.0,8.39
S002247,E0075,2025-03-09,8.0,7.92
S002248,E0104,2025-03-25,8.0,8.53
S002249,E0101,2025-03-26,8.0,8.43
S002250,E0014,2025-03-17,8.0,7.63
S002251,E0029,2025-03-18,8.0,9.38
S002252,E0113,2025-03-10,8.0,7.88
S002253,E0010,2025-03-03,8.0,8.78
S002254,E0026,2025-03-21,8.0,7.8
S002255,E0046,2025-03-19,8.0,7.0
S002256,E0033,2025-03-24,8.0,7.42
S002257,E0037,2025-03-10,8.0,8.03
S002258,E0078,2025-03-23,8.0,8.5
S002259,E0001,2025-03-08,8.0,9.15
S002260,E0068,2025-03-02,8.0,8.14
S002261,E0078,2025-03-09,8.0,7.92
S002262,E0112,2025-03-19,8.0,7.35
S002263,E0035,2025-03-27,8.0,8.06
S002264,E0057,2025-03-03,8.0,8.27
S002265,E0046,2025-03-03,8.0,6.76
S002266,E0076,2025-03-27,8.0,8.87
S002267,E0063,2025-03-28,8.0,8.77
S002268,E0050,2025-03-17,8.0,9.46
S002269,E0041,2025-03-21,8.0,7.54
S002270,E0061,2025-03-03,8.0,8.11
S002271,E0053,2025-03-08,8.0,8.1
S002272,E0020,2025-03-17,8.0,7.29
S002273,E0034,2025-03-01,8.0,7.58
S002274,E0080,2025-03-10,8.0,7.5
S002275,E0020,2025-03-16,8.0,8.4
S002276,E0076,2025-03-16,8.0,8.35
S002277,E0111,2025-03-18,8.0,8.9
S002278,E0102,2025-03-12,8.0,7.85
S002279,E0061,2025-03-10,8.0,7.25
S002280,E0086,2025-03-03,8.0,8.35
S002281,E0117,2025-03-09,8.0,8.31
S002282,E0045,2025-03-16,8.0,8.49
S002283,E0078,2025-03-03,8.0,8.84
S002284,E0009,2025-03-14,8.0,7.74
S002285,E0111,2025-03-06,8.0,8.57
S002286,E0027,2025-03-20,8.0,7.48
S002287,E0004,2025-03-12,8.0,8.18
S002288,E0116,2025-03-20,8.0,8.5
S002289,E0002,2025-03-18,8.0,8.02
S002290,E0026,2025-03-28,8.0,8.22
S002291,E0119,2025-03-02,8.0,7.25
S002292,E0072,2025-03-19,8.0,7.7
S002293,E0117,2025-03-19,8.0,8.18
S002294,E0033,2025-03-02,8.0,7.36
S002295,E0035,2025-03-01,8.0,7.57
S002296,E0030,2025-03-06,8.0,9.55
S002297,E0007,2025-03-23,8.0,8.24
S002298,E0063,2025-03-16,8.0,7.59
S002299,E0037,2025-03-11,8.0,7.46
S002300,E0081,2025-03-23,8.0,8.91
S002301,E0081,2025-03-15,8.0,6.39
S002302,E0061,2025-03-25,8.0,7.86
S002303,E0077,2025-03-12,8.0,8.43
S002304,E0070,2025-03-08,8.0,7.71
S002305,E0091,2025-03-19,8.0,8.36
S002306,E0052,2025-03-09,8.0,7.41
S002307,E0028,2025-03-07,8.0,8.03
S002308,E0018,2025-03-27,8.0,8.06
S002309,E0098,2025-03-26,8.0,8.04
S002310,E0021,2025-03-26,8.0,8.12
S002311,E0111,2025-03-07,8.0,8.05
S002312,E0094,2025-03-08,8.0,8.7
S002313,E0085,2025-03-27,8.0,7.87
S002314,E0016,2025-03-04,8.0,7.67
S002315,E0074,2025-03-14,8.0,7.86
S002316,E0118,2025-03-06,8.0,7.84
S002317,E0087,2025-03-14,8.0,7.11
S002318,E0104,2025-03-18,8.0,6.87
S002319,E0106,2025-03-25,8.0,7.21
S002320,E0094,2025-03-21,8.0,8.19
S002321,E0046,2025-03-07,8.0,7.62
S002322,E0117,2025-03-07,8.0,7.77
S002323,E0115,2025-03-15,8.0,9.74
S002324,E0072,2025-03-18,8.0,8.7
S002325,E0118,2025-03-26,8.0,7.89
S002326,E0111,2025-03-20,8.0,7.64
S002327,E0053,2025-03-19,8.0,8.85
S002328,E0067,2025-03-23,8.0,7.55
S002329,E0020,2025-03-08,8.0,8.76
S002330,E0046,2025-03-25,8.0,8.37
S002331,E0080,2025-03-11,8.0,8.85
S002332,E0034,2025-03-22,8.0,7.58
S002333,E0021,2025-03-15,8.0,8.56
S002334,E0005,2025-03-07,8.0,6.93
S002335,E0029,2025-03-03,8.0,7.91
S002336,E0044,2025-03-23,8.0,8.67
S002337,E0112,2025-03-13,8.0,8.44
S002338,E0077,2025-03-11,8.0,6.92
S002339,E0004,2025-03-26,8.0,8.43
S002340,E0099,2025-03-21,8.0,8.29
S002341,E0028,2025-03-28,8.0,7.98
S002342,E0070,2025-03-20,8.0,7.58
S002343,E0087,2025-03-17,8.0,7.85
S002344,E0079,2025-03-23,8.0,7.67
S002345,E0104,2025-03-01,8.0,8.58
S002346,E0109,2025-03-17,8.0,8.3
S002347,E0040,2025-03-27,8.0,8.66
S002348,E0091,2025-03-04,8.0,8.43
S002349,E0008,2025-03-19,8.0,7.25
S002350,E0028,2025-03-23,8.0,8.1
S002351,E0056,2025-03-11,8.0,9.3
